"","1921","1922","1923","1924","1925","1926","1927","1928","1929","1930","1931","1932","1933","1934","1935","1936","1937","1938","1939","1940","1941","1942","1943","1944","1945","1946","1947","1948","1949","1950","1951","1952","1953","1954","1955","1956","1957","1958","1959","1960","1961","1962","1963","1964","1965","1966","1967","1968","1969","1970","1971","1972","1973","1974","1975","1976","1977","1978","1979","1980","1981","1982","1983","1984","1985","1986","1987","1988","1989","1990","1991","1992","1993","1994","1995","1996","1997","1998","1999","2000","2001","2002","2003","2004","2005","2006","2007","2008","2009","2010","2011"
"0",66958.13,67443.19,66700.24,65961.63,66035.44,65876.02,65457.03,65527.78,64801.41,63104.84,60476.59,57133.1,55044.6,54302.89,54480.92,56151.51,58242.07,59646.3,60473.26,61582.94,64597.19,67685.63,70484.08,75212.61,78295.04,82960.75,89968.35,90611.56,90205.35,93871.95,97116.58,99425.06,101131.28,101975.16,103665.78,106439.95,108999.61,111414.35,113731.79,116351.37,119055.96,119820.41,118955.82,117131.2,114742.23,114246.49,115885.13,119021.32,123275.29,127699.95,132742.1,134479.89,130426.6,125187.1,120602.93,116919.57,115521.13,114996.85,114332.58,115245.03,118018.57,121154.16,122911.99,123056,122943.32,123164.78,124224.4,125989.11,128458.8,131227.33,132628.83,132722.06,132523.7,132386.14,131859.42,130896.02,129715.83,128666.33,128422.12,128724.52,128652.68,128069.68,128221.21,129901.62,132900.88,138066.07,144572.3,149140.53,151432.13,151640.39,150952.73
"1",62092.83,65023.15,65890.56,65135.32,64511.69,64717.01,64610.39,64113.22,64088.96,63429.58,61901.35,59468.3,56268.01,54229.58,53479.14,53686.56,55392.23,57488.98,58861.15,59710.07,60864.21,63851.84,66864.85,69598.2,74303.29,77332.08,82092.86,89479.23,90790.82,90918.15,94421.17,97161.89,99188.98,100959.81,101931.78,103564.8,106265.98,108838.54,111314.55,113636.88,116191.01,118837.45,119700.58,119024.47,117631.25,115450.12,114623.08,116186.18,119466.32,123951.43,128699.27,133361.12,134620.56,130775.13,125347.45,120263.97,116781.13,115628.29,115081.29,114672.48,115896.34,118663.24,121489.79,123007.49,123255.35,123533.65,124118.15,125239.67,126936.54,129188.1,131668.49,132771.67,132552.23,132426.85,132529.26,132182.27,131308.22,130212.74,129285.15,129281.76,129689.17,129404.07,128760.16,129000.86,130687.8,133855.53,139155.94,145125.77,148863.54,150447.51,150887.17
"2",59355.89,61619.54,64685.96,65625.35,64972.28,64400.66,64553.89,64322.67,63675.49,63552.27,62920.6,61470.04,59087.34,55937.76,53947.62,53223.78,53430.31,55162.19,57283.64,58680.69,59604.73,60732.48,63544.42,66483.69,69192,73849.61,77029.59,82241.62,90505.08,92640.39,92636.95,95414.23,97733.35,99786.99,101707.22,102703.66,104261.89,106887.99,109486.5,112037.11,114283.87,116688.5,119436.7,120600.19,120313.49,119073.27,116543.7,115658.1,117630.58,121785.65,126773.96,130616.3,134526.23,135577.57,131575.34,126222.99,121099.99,117475.91,116207.91,115785.2,115747.36,117113.12,119580.08,122084.8,123613.72,124077.85,124717.77,125611.83,126625.34,128021.89,130068.25,132280.92,133059.36,132741.77,132788.56,133145.7,133004.41,132142.15,130976.83,130152.04,130243.33,130589.25,130285.95,129710.86,130112.87,132162.6,135922.74,141232.36,146259.17,149089.43,150793.9
"3",59481.99,59179.3,61568.46,64660.64,65649.83,65022.03,64450.45,64552.96,64196.58,63399.25,63176.38,62570.66,61194.81,58837.21,55712.85,53747.32,53048.66,53305.25,55061.55,57208.4,58655.62,59553.92,60606.88,63418.45,66357.86,69016.21,73724.79,77281.64,83421.18,92531.59,94461.61,93708.88,96088.12,98433.83,100661.96,102581.03,103452.92,104961.14,107587.4,110186.19,112661.19,114833.56,117389.21,120437.82,122017.21,121932.62,120358.84,117692.03,117107.58,119995.39,124631.89,128452.52,131667.11,135776.6,136434.69,132051.64,126722.78,121821.2,118289.47,117028.58,116841.07,116944.73,118061.16,120275.05,122832.28,124623.96,125401.54,126351.8,127278.71,127884.48,128878.49,130705.63,132763.26,133490.52,133194.32,133386.91,133967.88,133912.13,133029.53,131897.57,131117.71,131159.64,131497.96,131316.85,130910.89,131587.02,134060.67,138243.82,143242.82,147189.39,149781.18
"4",60384.61,59345.15,59129.1,61543.39,64735.93,65824.95,65196.64,64499.08,64401.91,63920.95,63124.01,62951.39,62370.43,61019.81,58712.31,55637.96,53697.02,52998.55,53305.43,55136.44,57283.19,58629.76,59403.35,60406.65,63218.41,66182.91,68941.53,73926.21,78185.5,85098.2,94229.39,95659.38,94557.87,96938.57,99459.04,101660.84,103430.53,104252.67,105761.04,108412.13,110960.39,113335.69,115634.62,118465.22,121871.74,123655.82,123279.84,121523.34,119023.97,119260.58,122688.95,126168.97,129195.4,132797.49,136895.01,137039.79,132375.04,127164.25,122558.37,119305.94,118214.26,118041.38,117900.5,118815.71,121131.13,123876.43,125910.92,126988.66,128069.49,128805.58,128972.95,129539,131148.95,133267.01,134095.4,133849.7,134193.78,134934.9,134932.99,134041.04,132867.24,132058.52,132152.37,132589.09,132524.86,132289.87,133273.82,136122.19,140499.08,145051.37,148449.12
"5",61143.64,60247.57,59295.25,59204.43,61717.76,64935.53,65999.34,65270.63,64423.22,64200.96,63670.7,62898.97,62750.96,62195.37,60920,58662.08,55562.56,53622,52973.52,53330.28,55186.25,57282.45,58554.36,59303.07,60306.36,63117.95,66133.12,69117.51,74603.72,79412.24,86497.28,95402.54,96558.32,95483.54,98038.53,100482.69,102510.01,104230.1,105027.34,106536.02,109161.48,111609.62,114061.54,116635.74,119871.91,123459.36,124923.25,124416.29,122850.06,121091.35,121728.02,123993.42,126691.97,129951.31,133710.41,137716.46,137579.68,132767.63,127699.66,123540.17,120667.28,119426.04,118834.34,118509,119595.96,122139.49,125048.18,127313.14,128477.5,129462.35,130030.27,129795.6,130005.08,131630.78,133944.04,134941.92,134815.88,135213.04,136005.96,136068.82,135087.98,133789.23,133036.95,133253.78,133835.23,133956.79,133938.71,135246.56,138305.29,142655.59,147136.44
"6",61937.28,61071.38,60297.87,59395.23,59304.4,61842.73,65110.82,66174.13,65345.01,64322.33,63975.79,63445.88,62724.08,62626.19,62095.34,60819.89,58587.31,55537.74,53621.9,52998.65,53380.18,55185.74,57207.09,58454.14,59203.06,60180.93,63018.41,66309.9,69794.66,75704.96,80586.56,87496.37,96277.45,97483.91,96533.91,99037.59,101332.39,103309.95,105055.42,105877.35,107285.07,109786.42,112335.74,115037.6,117997.43,121454.43,124733.86,126047.66,125748.95,124927.67,123672.81,123169.1,124436.32,127226.39,130532.3,134303.97,138357.82,138060.15,133117,128368.75,124726.67,121894.81,120277.54,119492.42,119332.1,120758.34,123573.57,126554.9,128766.37,129771.66,130515.02,130754.34,130219.9,130412.6,132282.59,134812.51,135905.54,135871.06,136325.08,137150.7,137152.23,135977.12,134631.33,134035.32,134432.4,135202.27,135509.02,135636.35,137004.16,140090.59,144477.76
"7",61490.45,61923.01,61146.17,60322.65,59445.67,59479.99,62092.48,65285.1,66173.2,65194.58,64147.57,63850.93,63320.63,62548.76,62451.27,61970.49,60719.84,58512.5,55512.95,53647.03,53073.78,53454.93,55210.48,57181.85,58353.66,59027.57,60056.61,63169.9,66886.67,70720.83,76729.67,81510.79,88295.88,97128.14,98534.68,97583.07,99911.9,102132.28,104109.92,105855.31,106601.71,107909.87,110461.98,113186.29,116273.62,119465.72,122616.8,125775.16,127339.88,127826.62,127449.61,125092.74,123676.22,124899.6,127619.64,130855.64,134789.11,138938.3,138456.06,133623.51,129331.22,125882.35,122749.13,120802.38,120112.33,120279.31,122071.77,125116.75,127930.91,129882.15,130714.69,131171.92,131162.84,130636.95,131017.38,133010.7,135568,136793.75,136921.13,137459.77,138239.62,137998.78,136679.47,135473.99,135106.35,135647.47,136533.32,137003.23,137184.92,138492.52,141565.52
"8",59733.31,61482.31,61997.77,61221.33,60473.07,59645.62,59679.94,62292.78,65434.6,66197.57,65119.4,64022.28,63700.88,63170.63,62398.78,62326.43,61870.49,60644.94,58512.9,55588.14,53747.02,53123.38,53404.49,55110.34,57081.72,58253.49,59003.2,60282.94,63771.4,67787.48,71695.54,77578.8,82185.26,89021.72,98104.06,99584.22,98507.39,100736.9,102932.21,104909.93,106579.65,107226.44,108610.64,111387.93,114422.51,117670.12,120641.41,123666.07,127021.14,129425.24,130520.22,129069.03,125718.41,124237.62,125225.23,127843.83,131249.03,135275.28,139455.6,139063.11,134508.19,130379.59,126715.34,123355.18,121436.66,121036.04,121543.68,123559.88,126597.01,129067.08,130752.06,131385.78,131549.42,131537.39,131215.1,131757.1,133753.61,136279.07,137708.1,138084.31,138548.4,139068.3,138697.52,137452.52,136513.34,136382.57,137014.26,138031.1,138502.91,138553.33,139898.57
"9",57924.33,59733.89,61582.11,62122.95,61396.52,60698.23,59946.03,60004.73,62491.67,65484.18,66172.39,65044.13,63922.26,63626.04,63120.59,62323.55,62226.44,61820.85,60695.37,58612.9,55688.12,53796.63,53098.18,53379.67,55085.04,57031.72,58254.03,59204.42,60834.59,64597.12,68687.49,72519.7,78253.14,82885.89,89922.51,99078.79,100483.83,99332.21,101536.74,103732.13,105634.28,107179.25,107851.92,109436.78,112535.24,115733.1,118814.06,121717.64,124867.29,129010.4,132002.89,132119.54,129774.37,126324.32,124629.96,125398.41,128156.13,131736.39,135807.99,140195.22,140148.94,135748.61,131267.26,127253.9,123956.76,122281.56,122238.97,123017.29,125054.19,127865.25,129974.42,131410.04,131811.08,131882.58,132048.66,131907.21,132499.49,134467.09,137059.77,138766.71,139264.58,139472.9,139807.62,139524.73,138426.48,137695.81,137795.66,138503.73,139422.91,139757.05,139824.66
"10",56530.65,57983.01,59933.5,61807.05,62372.63,61671.39,60997.89,60195.29,60154.01,62540.91,65458.68,66122.01,64993.83,63846.73,63525.72,63045.47,62273.25,62176.11,61795.83,60720.3,58662.57,55687.48,53721.2,52997.95,53304.66,55034.79,57031.89,58480.26,59780.68,61660.07,65471.65,69461.66,73169.26,78928.53,83711.31,90872.83,100078.58,101408.01,100156.73,102311.34,104406.34,106208.83,107804.68,108652.61,110535.65,113839.68,116853.3,119834.32,122913.37,126835.19,131543.25,133501.15,132757.02,130435.94,126790.01,124995.83,125853.76,128602.19,132211.27,136539.57,141346.37,141481,136790.14,131963.6,127972.06,124925.77,123498.46,123671.76,124465.57,126286.83,128972.91,130877.35,131994.79,132257.75,132386.19,132765.96,132762.92,133317.62,135254.97,137939.22,139776.33,140252.02,140326.68,140615.08,140434.97,139531.02,139027.66,139286.03,139892.86,140596.5,140943.97
"11",55282.14,56555.51,58158.11,60158.71,62057.06,62622.62,61921.4,61197.49,60294.92,60178.84,62540.99,65433.47,66046.81,64919.02,63821.95,63500.51,62970.28,62223.64,62201.31,61820.61,60720.29,58662.64,55687.51,53721.19,52997.96,53304.64,55085.23,57283.15,59031.51,60556.28,62484.77,66170.77,69986.03,73694.75,79629.4,84511.35,91647.66,100828.55,102183.2,100956.77,103010.53,104930.69,106759.69,108555.51,109705.26,111768.47,114858.53,117758.99,120960.99,124868.71,129360.32,133093.46,134130.92,133398.12,130943.79,127037.54,125350.96,126329.72,129085.16,132912.86,137595.5,142564.62,142526.97,137597.69,132680.57,128841.11,126148.42,124948.67,125082.13,125661.23,127077.62,129426.93,131306.53,132505.63,132814.26,132961.53,133460.45,133593.84,134174.26,136115.38,138759.04,140557.54,141060.18,141170.39,141539.46,141541.1,140833.67,140439.4,140633.94,141017.55,141670.12
"12",53824.53,55306.28,56730.7,58383.42,60433.94,62357.06,62922.65,62171,61296.68,60244.54,60078.85,62466.18,65383.48,65971.58,64819.03,63721.94,63425.74,62945.48,62198.45,62151.31,61795.82,60695.09,58587.41,55612.73,53671.19,52947.96,53305.07,55261.3,57759.62,59757.09,61305.91,63109.18,66695.6,70561.66,74420.43,80404.18,85236.12,92372.88,101603.76,102958.01,101605.97,103535.39,105506.38,107485.36,109578.86,110858.06,112625.53,115653.33,118806.96,122889.49,127456.23,131001.67,133841.7,134742.98,133886.82,131462.18,127625.07,125878.51,126817.82,129740.09,133905.76,138714.53,143461.87,143312.89,138487.4,133644.23,129949.37,127497.88,126337.13,126279.06,126658.44,127720.25,129766.34,131792.07,133199,133575.03,133738.68,134268.58,134481.04,135116.16,137139.51,139797.25,141481.89,141919.09,142058.65,142544.25,142776.86,142222.17,141752.27,141759.29,142121.42
"13",52499.42,53857.11,55431.08,56855.9,58533.38,60583.95,62557.48,63122.22,62245.38,61271.5,60194.54,60054.07,62466.15,65383.47,65946.41,64769.02,63697.16,63425.76,62895.07,62098.44,62076.49,61720.6,60620.3,58562.69,55562.35,53571.19,52948.78,53531.07,55737.3,58410.05,60457.17,61980.69,63708.78,67270.86,71212.07,75095.21,81003.76,85786.18,92998.44,102354.27,103632.01,102080.3,104010.95,106132.07,108413.74,110647.39,111578.65,113210.1,116562,120637.52,125228.4,128770.72,131619.34,134542.78,135234.52,134082.88,131657.84,128025.82,126376.35,127431.04,130540.22,134772,139458.69,144107.63,144152.67,139555.8,134776.58,131168.46,128782.65,127512.65,127130.24,127211.54,128089.63,130114.27,132412.42,133857.31,134058.33,134339.5,135062.02,135429.82,136162.78,138186.64,140790.79,142389.67,142852.5,143022.3,143574.04,143991.25,143466.3,142861.21,142832.72
"14",51546.16,52555.4,54031.89,55606.32,57055.95,58758.72,60833.94,62731.88,63197.01,62295.41,61271.11,60144.54,60029.28,62441.14,65308.29,65871.65,64719.04,63647.17,63400.95,62895.07,62073.24,62026.53,61670.59,60545.15,58462.69,55487.55,53571.61,53099.61,53957.51,56413,59109.66,61031.52,62455.56,64234.45,67921.25,71861.7,75670.1,81578.92,86411.39,93698.88,103028.67,104156.38,102580.82,104636.73,107021.36,109378.13,111237.51,111963.15,113796.86,118075.35,122687.02,126141.02,128942.27,132099.71,135063.68,135511.77,134193.17,131833.25,128446.28,127026.83,128322.61,131440.35,135381,139995.64,144851.05,145040.07,140465.87,135871.12,132422.11,129906.02,128389.28,127665.59,127564.25,128478.33,130637.78,132927.05,134046.48,134289.74,134939.51,135893.87,136376.36,137056.77,139046.8,141675.88,143300.68,143772.98,143913.52,144596.37,145138.46,144562.99,143960.55
"15",50697.92,51629.14,52779.89,54307.23,56031.66,57555.67,59258.42,61308.45,63080.74,63295.51,62194.73,61171.26,60119.51,60028.93,62440.82,65307.93,65871.36,64743.95,63696.89,63400.29,62794.43,61897.79,61826.29,61495.62,60445.35,58437.69,55512.61,53747.49,53550.71,54582.62,57012.45,59634.29,61531.4,63005.8,64884.72,68595.97,72435.95,76144.76,82054.07,86911.3,94198.9,103503.25,104606.19,103081.02,105306.27,107716.66,109802.74,111537.27,112390.55,114976.99,119710.25,123241.74,125949.75,129049.47,132460.11,135333.48,135552.5,134187.68,131999.49,128980.45,127751.47,128984.74,131960.72,135791.85,140584.21,145613.37,145815.53,141418.29,137031.65,133498.17,130668.03,128804.09,127945.27,127969.45,129071.01,130994.44,132793.95,133894.78,134592.5,135734,136828.62,137152.09,137740.31,139837.69,142625.91,144197.91,144603.86,144925.45,145815.4,146386.44,145836.74
"16",49090.39,50804.8,51929.11,53231.09,54982.85,56781.61,58356.08,60007.67,61781.97,63254.75,63269.94,62069.56,61071.66,60069.4,59978.96,62416.05,65333.21,65946.56,64793.5,63646.43,63300.28,62694.28,61797.81,61701.12,61345.63,60320.52,58387.96,55663.78,54223.94,54251.1,55307.43,57687.25,60233.9,62131.81,63731.43,65634.32,69220.4,72935.55,76594.83,82529.3,87386.12,94648.99,104028.97,105281.78,103962.88,106190.32,108227.41,110105.35,111943.07,113435.47,116522.06,120391.57,123017.42,125726.74,129009.92,132353.64,135005.86,135311.96,134186.28,132289.6,129684.52,128456.54,129411.06,132294.13,136226.06,141193.99,146334.24,146695.56,142458.03,138095.32,134371.31,131128.6,129085.97,128334.29,128631.4,129665.87,130977.11,132525.64,133957.11,135212.11,136766.24,137736.17,137820.76,138452.56,140834.05,143879.36,145518.87,145983.35,146354.04,147264.48,147948.38
"17",46991.93,49185.63,51104.73,52380.25,53957.12,55858.03,57681.64,59130.06,60506.41,62006.02,63279.18,63219.9,62019.54,60996.42,59994.65,59954.16,62416.1,65383.58,66021.3,64767.88,63521.28,63150.26,62544.37,61597.44,61451.14,61146,60271.38,58639.68,56340.64,55174.35,55200.62,56131.82,58336.48,60909.96,63057.86,64705.83,66458.73,69894.89,73535.56,77245.34,83153.71,87860.61,95149.95,104780.24,106349.31,105027.59,106808.64,108616.9,110623.43,112806.5,114537.34,117218.54,120462.88,122702.48,125317.52,128773.62,132145.25,134654.12,135144.18,134384.81,132782.65,130369.84,128960.65,129733.78,132766.86,136867.03,141953.47,147298.32,147845.47,143513.07,138904.26,134895.28,131460.98,129495.5,129006.21,129079.67,129460.86,130707.85,132703.88,134714.78,136353.43,137835.65,138676.24,138843.17,139712.71,142486.41,146107.3,147969.35,148096.73,148184.07,149121.86
"18",46058.83,47083.86,49460.35,51556.42,53206.74,54931.89,56808.04,58505.59,59653.61,60705.2,61980.44,63179.17,63119.88,61944.64,60971.58,59994.55,60004.53,62566.58,65533.1,66045.67,64692.63,63421.24,63025.09,62318.88,61297.44,61226.75,61071.61,60472.99,59342.15,57416.1,56273.92,56124.58,56805.81,59062.98,61961.23,64232.66,65755.04,67307.96,70695.44,74511.62,78244.67,83978.11,88761.92,96401.9,106398.29,107843.43,105957.07,107588.23,109621.46,111725.04,113829.43,115430.18,117954.4,120743.95,122411.63,124992.4,128823.62,132292.44,134655.86,135380.13,135129.71,133699.54,131112.36,129490.94,130252.35,133331.43,137465.29,142839.26,148442.92,148877.07,144117.87,139140.57,135130.89,131859.46,130159.73,129468.19,128803.86,129206.54,131178.81,134018.31,136549.86,138118.3,139476.17,140269.7,140467.75,142039,146305.48,150777.68,151951.38,151003.13,150771.92
"19",46083.49,46175.6,47408.64,49987.21,52482.84,54306.67,56057.06,57781.56,59078.71,59852.41,60679.7,61880.44,63079.17,63019.72,61844.57,60871.49,59919.73,60004.93,62616.72,65507.5,65870.05,64442.76,63196.55,62825.14,62093.69,61022.23,60951.97,61048.45,61101.5,60467.63,58540.38,57223.09,56823.33,57582.67,60289.83,63386.02,65431.04,66679.43,68384.81,72272.71,76134.8,79468.25,85229.79,90287.6,98058.19,107801.56,108725.09,106820.98,108747.28,110716.66,112759.49,115058.26,116641.81,118829.58,120959.8,122519.79,125615.3,129455.64,132676.68,135030.96,136182.43,136353.43,134802.91,132017.12,130326.42,131041.08,134112.15,138455.15,144251.11,149900.68,149891.28,144598.92,139433.47,135758.91,132982.71,131174.83,129730.25,128869.81,129902.42,132750.33,136112.94,138621.65,140082.77,141453.45,142477.27,143635.19,146912.13,152527.66,156776.21,156322.18,154268.39
"20",46192.74,46176.53,46501.78,47986.43,50939.4,53583.82,55432.84,57006.51,58305.8,59228.56,59777.76,60556,61781.47,62980.1,62920.79,61770.72,60872.94,59970.68,60030.66,62566.92,65307.62,65545.54,64093.31,62821.8,62476.05,61844.7,61075.11,61530.01,62126.09,62503.11,61993.67,59940,58171.41,57726.13,59086.23,62065.13,64708.86,66306.35,67858.42,70364.29,74320.53,77432.4,80570.88,86531.11,91409.6,98770.67,108348.89,109556.1,107961.41,110358.25,112850.02,114708.43,116447.81,117561.3,119251.69,121397.8,123525.62,126703.58,130193.86,133252.64,135893.21,137372.16,137217.24,135308.54,132606.51,131104.3,131944.46,135012.37,139404.57,145278.22,150572.65,150027.79,144602.92,139747.39,136571.52,133758.41,131232.16,129506.29,129134.11,131035.97,134479.48,137891.85,140446.25,142107.4,143885,145834.23,148422.77,153055.62,158660.18,161231.98,159557.34
"21",45557.14,46351.76,46626.56,47128.28,48912.51,51989.48,54659.04,56306.11,57404.56,58304.48,59053.38,59603.09,60405.96,61656.61,62880.17,62820.78,61645.65,60697.82,59795.84,59880.6,62290.89,64831.79,64970.19,63468.03,62297.85,62151.92,62098.9,62278.73,63280.93,64001.43,64403.27,63666.85,61062.36,59273.97,59554.77,61260.68,63686.33,65758.28,67634.42,69911.14,72285.35,75342.22,78234.07,81596.2,87366.9,91799.17,98974.83,108810.5,110289.86,109389.8,112608.68,114807.85,116153.74,117335.86,117547.01,119271.29,122105.53,124535.27,127547.55,130801.64,134199.93,137143.64,138123.91,137508.98,135649.53,133193.79,132014.58,133005.39,135841.18,139906.04,145533.96,150465.38,149634.88,144397.95,140037.86,136936.07,133492.31,130693.04,129266.47,129466.44,132127.28,136096.64,139716.66,142458.61,144565.47,147296.97,150655.74,154578.15,159117.92,162894.31,164201.89
"22",44030.11,45683.32,46751.85,47278.63,48204.72,50162.52,53239.48,55657.14,56778.85,57427.92,58078.87,58778.62,59403.31,60281.38,61531.45,62730.17,62696.08,61520.41,60573.03,59670.65,59579.3,61765.1,64206.55,64295.12,62868.97,61924.05,62305.16,63178.27,64206.55,65505.86,66075.39,66050.85,64689.19,62039.61,60952.35,61553.91,62681.79,64610.99,67035.9,69485.86,71431.86,72907.22,75793.79,78984.91,82418.31,88127.27,92820.88,100617.76,110806.61,112874.65,112347.95,114560.54,116032.72,117175.6,117496.83,117394.66,119761.55,123012.45,125445.48,128391.01,131721.71,135238.29,137964.47,138696.1,138185.85,136471.62,134065.81,132982.87,133890.9,136279.08,139780.8,145080.01,149901.85,149200.44,144387.93,140003.07,136384.29,132859.36,130330.76,129247.16,130003.83,133332.57,137821.13,141754.71,144952.73,148127.11,152335.34,157115.06,160956.4,163358.46,165812.58
"23",43053.07,44183.99,46158.5,47503.94,48455.04,49529.55,51437.62,54262.56,56205.03,56902.47,57302.31,57904.1,58653.81,59303.58,60155.79,61381.38,62605.52,62596.08,61420.32,60422.65,59319.41,58953.19,61014.68,63532.17,63795.76,62544.72,62001.81,63310.3,65332.74,66906.53,67979.13,67972.41,67222.53,65640.37,63416.82,62526.77,62700.93,63507.11,65788.44,68661.85,70757.15,71954.67,73384.02,76670.3,80242.03,83805.53,89622.96,95090.88,103632.96,114550.12,116818.53,114694.71,115624.44,116939.66,117654.55,117869.81,118187.39,120696.94,123983.75,126697.32,129964.76,133036.83,135825.05,138394.33,139452.61,139139.34,137453.6,135049.87,133938.72,134429.15,136273.09,139419.11,144465.82,149324.35,148979.49,144410.59,139737.21,135756.92,132438.5,130320.68,129799.52,131346.6,135236.43,140065.64,144494.64,148772.79,153626.07,159534.11,164277.34,165853.98,166837.68
"24",43051.26,43203.69,44659.26,46910.58,48680.41,49805.06,50879.54,52535.58,54785.12,56203.42,56651.99,57027.57,57679.27,58453.82,59128.59,60031.35,61306.68,62580.75,62570.83,61320.09,60121.24,58667.63,58128.41,60340.83,63057.81,63471.67,62571.96,62957.22,65616.02,68307.81,69604.73,70126.48,69368.8,68323.94,67218.03,65216.1,63848.62,63600.57,64634.19,67314.58,69858.19,71305.41,72607.07,74535.68,78164.45,81881.8,85424.35,91425.09,97274.62,106580.85,117757.6,118749.05,115667.76,116321.15,117214.52,117997.68,118679.9,119275.81,121779.12,125234.92,128217.24,131229.97,133640.31,136179.62,139189.6,140535.85,140130.2,138446.89,135984.6,134521.96,134568.57,136175.3,139137.89,144064.79,149006.52,148671.92,143989.63,139183.18,135187.06,131997.88,130496.55,131114.07,133296.85,137084.71,142067.57,147629.7,153714.31,160110.43,165630.42,167985.99,168397.7
"25",43652.66,43201.24,43704.26,45411.09,47986.9,49880.73,51005.3,51827.77,52933.28,54733.9,55978.39,56477.77,56953.03,57604.53,58353.99,59029.14,59981.72,61332.04,62605.82,62520.51,61068.81,59569.9,57917.35,57378.9,59766.88,62734.22,63523.96,63502.36,65288.64,68741.35,71155.58,71751.52,71397.63,70446.16,70077.33,69191.81,66562.5,64723.63,64778.32,66235.06,68586.08,70556.98,72183.33,73983.57,76164.29,79808.87,83456.64,87067.93,93123.15,99940.86,110038.77,119725.24,119503.35,116342.37,116527.18,117300.48,118504.65,119592.65,120383.64,123031.39,126714.06,129396.07,131774.76,134027.81,136891.4,140197.12,141491.27,141172.96,139595.76,136730.31,134768.72,134512.9,136066.18,139127.53,143971.24,148778.82,148225.94,143443.96,138721.25,134697.26,131964.99,131423.96,132582.12,134802.39,138787.28,144580.29,151534.9,159062.98,165151.6,168360.97,169541.76
"26",44330.11,43849.2,43801.71,44455.13,46261.23,48836.98,50781,51778.97,52175.69,52882.07,54508.79,55804.02,56403.1,56877.86,57504.27,58279.26,59029.41,60031.78,61382.09,62605.23,62319.31,60592.72,58944.7,57317.72,56954.87,59567.98,62835.85,64428.88,65783.82,68414.4,71588.61,73227.04,72947.66,72450.19,72249.89,72150.81,70638.16,67512.06,65875.59,66228.84,67382.43,69285.41,71434.4,73459.18,75467.48,77701.45,81300.78,85143.37,88883.82,95517.68,102827.03,111754.28,120509.06,120339.88,116886.46,117011.06,118247.53,119543.92,120645.85,121801.6,124713.95,128173.42,130158.07,132283.36,134948.36,138161.04,141559.09,142770.48,142379.21,140540.22,137071.3,134686.09,134332.74,136187.36,139453.76,144163.25,148695.61,147808.4,142996.38,138287.33,134590.86,132794.05,132679.91,133818.64,136335.09,141054.94,147972.44,156160.68,163457.41,167460.78,169669.93
"27",45056.95,44400.08,44224.71,44377.63,45205.57,47111.56,49787.41,51554.23,52076.89,52099.68,52656.63,54309.19,55654.03,56253.07,56752.92,57429.56,58279.6,59079.46,60056.49,61306.47,62354.19,61893.64,60067.38,58419.71,56893.37,56731.15,59669.79,63665.09,66585.59,68834.62,71161.1,73535.49,74348.42,73899.82,74053.41,74098.7,73447.51,71462.6,68488.91,67176.47,67326.27,68005.97,69962.08,72460.48,74684.46,76785.02,79086.52,82901.99,86953.9,91394.54,98294.15,104232.43,112421.4,121411.72,121017.71,117468.84,118046.79,119528.56,120614.65,121999.63,123477.37,125926.94,128881.19,130718.31,133127.98,136284.85,139815.66,143285.78,144204.85,143374.82,141156.96,137384.27,134723.26,134433.61,136614.04,139918.6,144247.95,148453.46,147468.95,142726.27,138549.73,135643.25,134149.81,133951.36,135221.47,138412.02,144200.1,152220.78,160343.88,166008.04,169082.64
"28",45916.02,45173.22,44875.78,44850.31,45128.22,46005.55,47911.7,50411.03,51777.7,51925.78,51799.74,52432.3,54159.23,55504,56128.35,56653.03,57354.98,58280.13,59154.63,60106.06,61205.32,62027.99,61393.15,59567.93,58070.92,56744.29,56832.35,60424.09,65671.44,69436.42,71381.43,72857.48,74407.29,75075.38,75177.59,75527.6,75146.34,74172.25,72313.66,69564.55,68074.43,67825.22,68582.76,70913.35,73662.99,75937.14,77955.91,80400.6,84451.76,89383.21,94376.51,99790.53,104657.42,113175.48,122077.38,121439.28,118140.89,119144.04,120893.4,122103.6,123506.83,124461.46,126335.36,129464.94,131699.44,134165.22,137503.95,141671.77,145226.19,145410.11,144029.49,141686.51,137808.87,135169.23,135027.48,137208.44,140310.83,144526.92,148732.54,147630.95,143031.12,139455.66,137014.84,135619.24,135505.44,137280.81,141446.36,148225.93,156208.21,162985.3,167886.24
"29",46369.7,45999.23,45548.37,45351.36,45475.99,45878.62,46856.07,48609.97,50659.08,51626.16,51625.78,51575.28,52282.23,53984.02,55304.04,55928.46,56528.76,57380.43,58354.91,59154.12,60005.66,60954.35,61602.4,60943.53,59218.31,57821.35,56695.59,57436.59,62255.35,68347.39,71883.67,73002.51,73679.87,75108.93,76202.14,76426.54,76400.17,75695.77,74823.56,73189.39,70312.92,68548.77,68401.56,69383.02,71867.71,74680.95,76887.58,79079.68,81787.9,86252.29,91348.48,95504.71,100244.1,105107.61,113595.87,122499.96,122033.59,118873.75,120158.96,122453.04,123783.77,124644.54,124833.28,126535.97,130297,132903.51,135253.74,138833.57,143571.01,146962.87,146453.5,144680.9,142108.06,138300.35,135880.99,135698.76,137681.5,140789.96,145258.33,149547.4,148558.22,144341.22,140998.77,138610.73,137367.64,137673.16,140211.55,145281.02,152132.84,159053.3,165253.82
"30",46351.22,46426.3,46349.37,46023.76,45926.31,46075.76,46478.4,47304.6,48733.42,50507.98,51375.94,51400.62,51375.11,52107.29,53858.79,55203.75,55853.48,56503.58,57380.11,58329.44,59053.28,59754.43,60528.71,61127.42,60569.01,59019.06,57822.04,57198.71,59042.1,64731.52,70669.76,73404.44,73724.61,74230.91,76060.81,77326.36,77199.34,76874.92,76296.86,75649.03,73887.57,70737.17,69024.71,69026.68,70126.86,72702.62,75505.06,77864.48,80273.36,84180.22,89532.02,93003.86,95913.8,100645.97,105221.56,113539.67,122571.5,122398.61,119531.17,121474.72,124261.44,125050.14,125072.86,124865.28,126933.76,131346.58,134131.68,136485.57,140228.78,145146,148351.14,147325.86,145206.38,142753.84,139224.8,136762.28,136349.61,138289.82,141582.35,146206.1,150739.08,150168.08,146085.69,142659.94,140431.02,139671.83,140610.6,143802.73,148872.46,154892.02,161498.52
"31",46379.63,46402.77,46751.45,46699.28,46348.56,46226.29,46426.17,46802.73,47403.42,48607.68,50307.96,51175.88,51175.45,51150.27,51932.51,53708.83,55104.21,55828.43,56503.58,57354.92,58228.96,58802.45,59354.09,60129.05,60827.8,60369.56,58969.94,58199.83,58402.9,60968.96,66730.19,72116.49,74126.81,74225.41,75057.79,77060.43,78024.45,77598.68,77376.06,77022.46,76272.55,74261.9,71138,69575.34,69752.82,71052.27,73679.21,76512.26,78972.91,82110.85,86519.74,90705.72,93236.85,96240.16,100709.17,104874.96,113203.39,122534.81,122811.87,120538.71,122872.06,125302.4,125420.73,125202.07,125114.26,127455.9,132254.51,135367.25,137640.35,141138.9,145932.93,148818.5,147623,145833.41,143702.3,140182.82,137541.42,137043.81,139036.44,142451.93,147234.87,151932.35,151508.73,147492.63,144278.15,142499.84,142256.46,143654.27,146780,151163.97,156950.59
"32",46282.46,46400.93,46703.27,47151.94,47124.2,46773.76,46701.53,46774.96,46876.88,47277.81,48382.71,50108.22,51051.25,51075.5,51050.41,51832.7,53634.38,55054.24,55803.69,56503.66,57279.26,58003.19,58477.29,59029.22,59854.31,60628.59,60320.39,59372.82,59378.3,60078.53,62643.46,68078.42,72863.53,74602.69,74977.24,75982.71,77809.41,78548.77,78124.61,78026.42,77520.85,76497.14,74588.4,71738.85,70404.73,70705.47,71968.35,74650.7,77588.88,80734.37,84434.19,87812.29,90957.05,93398,96288.42,100692.88,104951.24,113123.36,122501.55,123436.01,121835.55,124113.51,125804.85,125495.69,125452.1,125817.63,128641.17,133573.62,136611.3,138505,141462.78,145962.53,148663.7,147799.03,146504.55,144490.15,140877.25,138194.59,137800.69,139900.46,143505,148422.01,153097.67,152825.87,149022.38,146071.57,144743.64,144991.67,146346.21,148806.12,152969.97
"33",45260.23,46303.79,46726.58,47128.61,47576.76,47524.22,47173.78,47000.73,46874.15,46750.7,47002.6,48158.2,49983.57,50925.97,50925.56,50900.3,51707.67,53584.6,55054.36,55753.23,56328.01,56978.84,57678.34,58227.7,58829.32,59654.6,60554.56,60798.95,60701.4,61077.93,61526.9,63666.57,68651.36,73339.6,75378.92,75876.71,76631.06,78183.62,78924.45,78650.35,78500.53,77820.43,76898.32,75188.88,72470.29,71226.67,71480.71,72810.96,75694.3,78970.31,82156.14,85152.81,88109.01,91186.47,93319.51,96049.81,100651.43,105000.35,112970.88,122650.07,124341.52,122948.79,124737.72,125928.36,125661.76,126148.7,127154.64,130272.69,134987.38,137542.38,139147.89,141901.77,145923.36,148638.43,148376.1,147360.77,145118.42,141464.16,138995.05,138714.9,140874.9,144610.56,149441.05,154067.74,154148.71,150735.52,148158.65,147152.28,147220.07,148039.3,150402.87
"34",43817.57,45308.89,46628.9,47076.64,47478.75,47926.81,47849.04,47347.81,46924.82,46598.57,46426.02,46778.24,48033.4,49858.44,50776.16,50775.54,50775.57,51658.19,53584.66,55029.1,55652.9,56127.66,56728.82,57453.63,58027.71,58654.68,59630.63,61057.84,62203.16,62601.46,62625.12,62424.51,64115.51,69077.56,74015.71,76128.79,76450.86,77055.86,78634.19,79424.49,79024.3,78725.42,78146.53,77398.88,75816.26,73236.54,71994.61,72240.01,73715.82,76939.85,80437.04,83071.89,85495.51,88436.61,91229.37,92919.81,95666.91,100599.01,105131.52,113175.79,123375.25,125506.94,123741.65,125058.69,126224.91,126184.33,127118.4,128743.18,131968.93,136085.39,138220.38,139766.95,142215.78,146026.39,148980.67,148989.42,147938.29,145671.15,142183.94,139906.9,139738.51,141924.5,145677.51,150533.79,155281.38,155765.94,152830.49,150565.55,149378.58,148831.58,149597.04
"35",42720.42,43831.93,45558.27,46903.63,47376.07,47778.07,48251.37,48072.44,47295.91,46673.81,46272.89,46125.98,46578.18,47857.72,49683.17,50625.53,50625.09,50675.47,51658.2,53583.81,54877.8,55351.95,55777.16,56403.7,57178.6,57853.05,58680.2,60183.56,62562.1,64252.7,64247.76,63521.9,62747.26,64341.09,69654.06,74790.07,76701.74,76800,77405.79,79008.48,79647.93,79123.79,78950.98,78571.76,77990.48,76568.08,74017.82,72745.14,73041.42,75629.55,79920.3,82282.42,83610,85750.25,88450.65,91091.11,92800.83,95523.78,100589.4,105445.46,113979.74,124669.33,126444.85,124137.72,125488.77,126849.04,127080.99,128329.22,130218.48,133263.79,136894.17,138824.42,140255.98,142644.14,146371.74,149294.21,149452.14,148576.96,146450.44,143145.59,141023.61,140813.05,142919.34,146794.27,151770.55,156705.66,157703.93,155152.46,152710.59,151002.09,150283.96
"36",41614.21,42704.92,44082.36,45833.07,47103.24,47551.25,47978.11,48325.38,47896.41,46970.79,46323.85,45973.31,45926.45,46402.93,47683.02,49507.89,50425.59,50500.67,50625.47,51557.78,53408.6,54652.63,55076.8,55477.24,56128.93,57004.2,57879.13,59183.22,61562.94,64562.99,66025.08,65319.68,63969.79,63022.88,64867.52,70354.07,75364.09,77101.49,77175.17,77805.83,79282.42,79772.77,79375.02,79426.81,79168.16,78687.03,77354.89,74883.43,73630.52,74519.96,77595.38,81062.16,82872.81,84119.64,85824.96,88401.26,91152.21,92724.38,95261.57,100685.55,106376.37,115440.21,125889.9,127121.68,124676.56,126300.94,127969,128329.83,129579.04,131422.88,134184.13,137365.48,139069.93,140700.12,143322.92,146934.72,149690.74,150000.94,149354.05,147370.89,144130.67,141923.84,141670.69,143912.64,148104.23,153545.76,158868.67,159983.39,157149.73,154219.98,152414.48
"37",39920.39,41631.95,42980.13,44357.16,46032.75,47253.17,47701.23,48052.47,48224.57,47620.84,46620.87,46024.27,45748.56,45751.58,46278.17,47557.73,49357.95,50300.74,50400.68,50525.49,51432.62,53208.16,54402.62,54852.11,55277.23,55979.49,57005.14,58332.1,60512.63,63488.59,66260.51,67072.2,65767.67,64169.89,63348.91,65367.98,70828.88,75713.75,77426.77,77575.6,78129.85,79406.88,79923.67,79700.74,79927.88,79745.26,79237.6,78052.11,75759.16,74592.79,75218.38,77706.7,81253.78,83478.8,84412.89,85500.78,88034.77,91111.64,92686.46,95189.23,100914.48,107047.06,116418.17,126734.38,127700.88,125249.5,127164.9,129243.84,129517.44,130332.74,132001.26,134556.62,137410.61,139311.25,141360.73,144046.07,147399.74,150094.54,150639.4,150187.61,148184.16,144879.53,142743.08,142599.3,144944.46,149411.81,155359.66,161039.95,161941.03,158610.23,155592.64
"38",38202.31,39860.15,41782.41,43180.21,44506.97,46107.56,47303.29,47675.77,47851.78,47849.02,47221.35,46371.68,45849.11,45523.24,45501.66,46028.18,47358.27,49258.42,50275.99,50375.54,50425.03,51232.25,52932.99,54102.64,54577.48,55052.61,55880.35,57358.11,59485.95,62188.45,65011.88,67283.34,67570.24,65992.5,64470.73,63748.97,65692.41,71078.88,75988.95,77751.93,77799.75,78179.49,79533.04,80249.3,80231.57,80633.8,80386.88,79849.94,78819.21,76945.45,76069.52,75903.18,77611.92,81387.26,83852.72,84705.74,85549.1,87865.92,91102.29,92823.2,95576.34,101572.81,107622.97,117195.51,127718.38,128717.4,126347.51,128219.95,130292.49,130316.6,130845.17,132462.92,134732.78,137520.87,139821.83,142130.49,144670.32,147743.79,150440.53,151330.39,151131.43,149076.07,145581.96,143437.98,143552.54,146305.76,151178.34,157373.67,162962.48,163447.76,159907.36
"39",37335.63,38182.17,40085.16,41981.98,43279.89,44556.86,46157.6,47277.65,47500.09,47526.06,47449.09,46871.79,46096.93,45624.28,45323.24,45326.86,45878.23,47208.29,49184.07,50250.81,50224.68,50149.83,50932.28,52658.26,53877.87,54377.48,54953.48,56208.04,58436.69,61061.53,63611.95,65934.75,67706.61,67770.17,66268.15,64795.58,63998.56,65917.59,71354.49,76314.23,78001.27,77899.33,78305.26,79808.88,80690.15,80752.53,81135.98,80922.77,80470.32,79937.9,78416.96,76881.72,75963.68,77420.78,81320.58,83813.79,84533.05,85414.17,87732.36,91236.14,93519.12,96608.64,102255.88,107948.36,117940.98,128762.93,129769.32,127482.41,129266.67,131156.91,131058.76,131580.4,132995.51,134963.52,137824.53,140255.7,142571.38,145225.17,148257.43,150936.15,152051.1,151884.47,149726.14,146230.26,144261.76,144682.65,147873.69,153054.21,159149.92,164466.28,164909.43
"40",36872.77,37251.89,38332.29,40284.96,42106.06,43329.46,44606.47,46081.18,47001.65,47099.36,47126.24,47149.14,46596.21,45796.49,45349.18,45072.9,45076.57,45678.27,47108.35,49108.44,50100,50024.38,49924.39,50656.74,52358.03,53602.91,54228.01,55205.63,57161.18,59862.1,62384.98,64484.24,66282.31,67831.53,68071.14,66692.67,65069.26,64148.29,66092.51,71579.25,76513.58,78100.51,77974.16,78455.32,80106,81089.35,81130.89,81593.63,81490.93,81990.37,82252.48,79474.97,76984.36,76043.39,77165.21,80807.04,83119.8,84047.95,85249.46,87699.49,91556.46,94170.23,97360.13,102751.65,108339.65,118326.15,128891.35,130447.86,128675.94,130085.99,131634.99,131424.89,132011.63,133578.47,135457.64,138019.32,140197.4,142715.92,145745.45,148793.72,151493.29,152682.08,152412.32,150263.61,147015.21,145295.41,146024.09,149520.89,154654.02,160451.78,165764.7
"41",35947.51,36777.44,37377.44,38481.79,40309.28,42081.21,43329.48,44505.63,45780.34,46576.5,46699.8,46801.43,46849.16,46321.37,45546.47,45073.97,44823.26,44952.15,45653.48,47057.94,48957.99,49874.8,49749.21,49649.71,50457.3,52233.27,53528.15,54404.94,55958.56,58336.81,60960.9,63108.15,64782.46,66407.52,68082.29,68421.18,66967.04,65218.86,64248.25,66217.75,71729.52,76638.34,78150.18,77949.08,78499.12,80283.65,81307.1,81447.79,82051.71,81883.04,82087.89,82036.66,79268.54,77058.11,75969.36,76568.4,79999.06,82339.5,83588.68,85256.52,87900.68,91872.62,94551.18,97839.76,103174.16,108592.63,118471.74,129030.38,131123.2,129527.66,130330.19,131420.26,131315.15,132446.16,134343.82,136038.2,138153.28,140064.35,142914.04,146327.83,149270.91,151860.17,153124.65,152933.37,150940.95,147880.88,146386.94,147379.39,150913.79,155818,161588.11
"42",34314.97,35880.99,36902.68,37477.03,38506.72,40309.44,42056.12,43203.89,44230.08,45405.25,46201.86,46400.31,46551.52,46573.88,46021.37,45271.63,44849.22,44648.33,44827.38,45553.44,46932.71,48757.62,49599.64,49449.3,49349.68,50182.54,52033.76,53630.29,55107.88,57084.28,59410.93,61684.21,63406.76,64908.15,66608.11,68307.33,68595.98,67091.92,65318.95,64348.26,66242.19,71654.52,76614.06,78225.6,78162.02,78844.4,80535.9,81501.35,81719.87,82861.02,83276.74,82820.99,81832.57,78973.21,76948.23,75946.58,76398.7,79416.04,81536,83224.82,85668.29,88542.81,92146.16,94714.05,98360.73,104063.42,109561.57,118925.05,128987.76,131382.94,130056.13,130433.23,131033.92,131182.16,133043.65,135109.71,136379.65,138121.33,139935.27,143106.28,146802.39,149540.89,152022.45,153418.36,153372.73,151563.91,148715.61,147389.64,148394.25,151872.69,156935.85
"43",32606.26,34183.19,35956.53,37052.7,37576.69,38531.52,40309.31,41980.45,42978.29,43904.9,45030.09,45827.04,46075.51,46276.64,46323.93,45746.16,44996.88,44624.41,44448.53,44627.4,45353.42,46732.73,48557.65,49374.55,49174.12,49100.06,50058.29,52160.21,54232.83,56058.35,57958.26,59984.49,61907.82,63507.1,65133.77,66857.67,68431.65,68620.8,67091.85,65293.76,64247.88,66066.96,71530.56,76639.85,78390.38,78341.4,78903.82,80574.1,81569.2,82271.49,83778.18,83600.48,82705.98,81551.29,78549.86,76565.35,75671.3,76162.53,78840.8,80791.45,82824.07,85742.79,88793.68,92251.37,94944.33,98833.15,104623.16,110294.32,119264.96,128639.23,130958.09,129718.2,130080.53,130684.55,131198.67,133349.91,135116.21,136313.34,138038.92,139735.41,143024.85,146797.47,149536.05,152119.9,153757.14,153903.09,152227.38,149478.03,148122.15,149127.46,152881.96
"44",31341.95,32506.61,34233.14,35981.38,37027.56,37526.64,38506.75,40233.85,41729.67,42603.14,43504.99,44655.34,45527.49,45825.48,46001.51,46049.12,45521.43,44796.84,44449.62,44298.37,44452.16,45128.19,46457.58,48257.74,49074.62,48899.38,48950.83,50210.04,52737.19,55058.16,56782.35,58407.07,60133.33,61907.85,63582.76,65283.96,66957.32,68456.42,68620.77,67091.91,65218.17,64072.65,65942.61,71581.59,76854.83,78578.65,78382.47,78940.34,80636.97,81443.11,81975.76,83420.5,83310.24,82553.69,81158.05,77925.07,76011.06,75318.37,75909.46,78327.22,80384.62,82834.22,85794.11,88831.26,92333.29,94978.62,98846.97,105009.88,111050.75,119368.19,127974.25,130364.37,129321.11,129771.74,130424.16,130977,133078.23,134828.55,136243.6,138003.51,139649.77,143020.13,146708.81,149387.12,152140.6,154085.92,154443.96,152882.64,150050.06,148536.66,149742.91
"45",30443.73,31204.05,32556.76,34307.72,35955.48,36927.25,37476.68,38430.94,39957.58,41329.47,42253.38,43204.79,44355.11,45227.1,45525.24,45676,45673.65,45146.29,44496.76,44199.31,44047.86,44201.9,44877.94,46232.65,48032.39,48799.14,48674.76,49002.15,50661.63,53412.16,55631.93,57080.93,58430.84,60058.31,61958.42,63732.71,65383.55,66956.8,68406.28,68595.73,67041.21,65117.88,63997.53,65892.35,71625.49,76994.34,78653.35,78383.81,78921.81,81640.31,83653.64,83275.05,83320.15,82983.35,82276.17,80790.29,77522.18,75524.17,74931.82,75730.16,78363.57,80798.41,83066.4,85712.93,88937.8,92594.24,95164.84,98945.74,105360.58,111565.9,119752.24,128250.02,130163.78,128857.23,129540.55,130398.2,131058.91,132898.47,134477.3,136153.31,138310.86,140185.95,143203.1,146489.83,149255.6,152334.19,154551.81,154951.95,153271.56,150359.54,148881.85
"46",29789.74,30302.81,31254.48,32606.4,34206.94,35755.48,36777.68,37326.35,38130.08,39532.38,40904.74,41878.6,42880.02,44055.05,44927.17,45225.23,45376.07,45398.86,44921.46,44271.58,43924.09,43747.89,43927.16,44628.11,45932.28,47682.42,48499.57,48576.02,49228.63,51061.74,53736.52,55806.4,57105.34,58380.87,60033.6,61958.5,63707.53,65308.55,66881.99,68331.13,68445.31,66866.38,64993.15,63872.33,65763.5,71533.62,76894.16,78555.89,78280.76,78967.8,81932.06,83972.14,83475.52,83098.39,82495.1,82005.96,80619.34,77220.96,75041.58,74584.28,75911.97,78935.35,81304.75,83144.24,85617.02,89084.45,92867.4,95326.62,98910.82,105376.96,111458.48,119377.52,128105.32,129944.18,128476.42,129539.9,130591.98,131137.27,132611.24,134050.81,136195.2,138817.94,140662.11,143220.33,146238.48,149348.83,152892.29,155155.88,155270.38,153418.03,150599.35
"47",29155.92,29651.87,30353.13,31278.88,32455.6,33956.92,35555.89,36602.49,37050.71,37754.93,39157.68,40579.99,41553.44,42504.76,43655.14,44527.14,44850.49,45051.25,45124.03,44646.23,43946.36,43599.24,43447.85,43627.29,44328.15,45657.5,47457.67,48375.22,48652.12,49479.01,51336.66,53885.77,55755.61,56955.42,58281.34,60008.93,61933.38,63632.57,65208.71,66756.93,68105.66,68120.04,66592.04,64818.43,63756.1,65679,71367.73,76666.17,78359.61,78777.3,79983.42,82131.75,83840.12,83564.79,82711.55,81636.05,81214.47,80172.12,76896.31,74618.4,74234.18,75876.65,79256.38,81694.09,83244.77,85502.39,89080.03,93064.71,95424.87,98623.85,104963.2,110884.09,118743.53,127937.43,129846.34,128144.52,129350.91,130623.92,131160.23,132275.8,133664.18,136308.06,139262.96,141010.61,143157.54,146100.57,149655.67,153459.58,155511.79,155366.66,153519.63
"48",28721.17,28977.34,29652.2,30327.56,31128.49,32255.63,33756.92,35330.67,36276.89,36650.83,37380.28,38782.63,40180.11,41178.57,42180.07,43355.11,44252.41,44600.48,44776.05,44798.79,44296.19,43621.28,43299.31,43173.23,43377.35,44052.82,45357.55,47258.56,48376.14,48752.16,49553.69,51286.02,53660.24,55481,56755.94,58131.44,59808.57,61633.11,63282.58,64909.36,66481.81,67755.38,67720.08,66242.48,64618.99,63603.12,65413.98,71093.39,76413.42,78505.59,79378.7,79998.74,81567.34,83640.11,83554.5,82426.17,81134.02,80598.46,79737.92,76656.99,74470.02,74229.36,75928.58,79554.43,82154.7,83629.52,85835.73,89308.5,93217.79,95323.64,98182.74,104525.14,110246.77,118111.22,127880.98,130068.97,128289.63,129334.81,130552.84,131093.91,132197,133781.99,136492.74,139460.31,141221.21,143320.83,146461.35,150145.21,153843.07,155707.1,155499.34
"49",28710.43,28575.73,29027.69,29701.82,30252,30953.23,32055.67,33531.75,35030.26,35901.77,36250.89,37005.55,38432.78,39804.79,40778.65,41780.06,42955.23,43877.58,44275.7,44450.85,44448.73,43946.11,43220.83,42849.48,42748.51,43002.57,43728.07,45108.02,47159.52,48426.57,48801.77,49452.81,51035.74,53360.28,55181.08,56481.25,57881.49,59583.98,61407.97,62982.39,64534.4,66056.7,67330.71,67345.36,65988.49,64460.31,63344.2,65073.4,70744.52,76451.1,79021.63,79526.45,79532.86,80920.03,83257.58,83364.18,82084.61,80638.19,80004.46,79340.99,76599.66,74561.94,74215.59,75856.02,79778.63,82549.5,83989.01,86164.07,89441.54,93131.83,95225,98132.79,104306.28,109700.89,117568.56,127860.26,130259.83,128396.84,129289.95,130449.68,131209.28,132411.09,133826.82,136445.36,139573.66,141540.7,143737.04,146874.7,150478.2,154060.59,155885.24
"50",28720.69,28447.66,28476.55,28952.03,29450.9,29901.99,30628.38,31730.59,33106.18,34505.21,35402.37,35826.17,36605.76,38032.74,39404.98,40353.47,41330.25,42555.66,43552.83,43950.56,44075.64,44023.51,43471.03,42746.38,42424.79,42348.26,42627.86,43453.72,44983.8,47134.84,48351.03,48576.21,49127.68,50660.59,52960.44,54831.55,56206.57,57606.48,59258.72,61033.12,62557.44,64084.83,65606.91,66880.93,66973.26,65680.96,64108.36,62978.49,64661.11,71187.9,77793.22,79435.77,79096.35,78973.9,80154.8,82514.28,82589.91,81436.8,80130.95,79402.68,78875.4,76412.81,74526.02,74147.99,75799.25,79814.46,82550.07,84155.93,86453.7,89444.58,92860.06,94956.08,97937.87,104042.06,109154.34,116816.6,127376.65,130199.57,128437.34,129189.29,130327.93,131178.92,132392.42,133707.07,136267.68,139515.44,141703.65,144066.55,147188.88,150739.51,154313.89
"51",28186.61,28499.7,28373.09,28350.95,28676.57,29101.01,29552.02,30253.31,31305.28,32656.26,34105.75,35052.37,35451.01,36205.48,37607.6,38954.93,39928.76,40930.15,42180.88,43202.84,43575.3,43650.45,43573.62,43046.47,42346.44,42024.78,41973.49,42353.53,43304.2,44858.63,46959.65,48100.68,48225.87,48752.91,50335.83,52660.52,54506.52,55856.58,57256.36,58883.79,60607.96,62082.3,63584.84,65107.13,66421.08,66454.49,65032.19,63559.27,62529.85,64055.54,70326.11,76850.17,78718.34,78627.71,78371.5,79068.08,81206.12,81547.24,80807.49,79654.96,78815.08,78363.88,76125.08,74431.29,74062.19,75460.79,79372.99,82335.72,84276.1,86594.86,89145.66,92211.61,94465.35,97726.9,103849,109010.19,116764.08,127156.05,129980.22,128366.93,129025.65,130020.09,130937.4,132237.3,133567.35,136148.76,139522.49,141892.69,144342.05,147433.44,150874.03
"52",27104.7,27953.35,28425.15,28297.3,28100.24,28326.5,28750.87,29176.83,29828,30855.45,32206.42,33655.78,34652.89,35100.79,35830.67,37207.85,38529.84,39478.78,40530.73,41830.94,42827.58,43175.34,43225.35,43098.6,42546.47,41846.18,41550.04,41573.71,42028.87,43004.2,44533.49,46584.65,47700.78,47825.94,48403.2,50036.45,52259.73,54031.97,55457.14,56881.41,58458.68,60158.16,61607.46,63060.43,64602.53,65911.89,65774.22,64264.49,62947.72,62355.33,64282.4,70156.25,76039.17,77924.83,78035.59,77921.4,78515.83,80192.98,80486.26,80168.83,79450.4,78708.88,78010.75,75774.13,74337.7,74116.17,75388.37,79049.73,82050.62,84244.06,86609.04,88789.41,91492.38,93944.63,97591.95,103755.64,108951.54,116681.02,126861.63,129733.56,128268.64,128726.97,129529.85,130538.38,132027.48,133439.55,136143.55,139585.46,141965.88,144530.91,147678.05
"53",26013.62,26878.9,27878.47,28274.33,27971.7,27700.19,27926.47,28325.73,28701.64,29328.15,30355.6,31731.66,33205.82,34177.58,34600.88,35355.83,36757.93,38079.85,39054.01,40105.52,41380.9,42377.58,42675.04,42650.41,42498.66,41946.47,41271.29,41075.7,41274.7,41854.15,42778.51,44157.92,46109.57,47226.07,47401.2,47977.98,49561.22,51759.88,53506.88,54907.27,56331.49,57883.54,59558.42,61007.72,62478.06,64001.82,65196.68,64917.51,63381.93,62571.13,62455.31,64114.44,69551.18,75090.18,76944.73,77191.35,77228.53,77842.98,79123.08,79395.56,79457.74,79044.83,78425.6,77586.31,75395.82,74161.65,74046.39,75276.61,78674.83,81645.6,83901.19,86074.11,88175.76,90844.7,93502.19,97405.98,103530.48,108750.64,116475.51,126480.91,129265.17,127720.05,128120.85,128916.13,130091.66,131733.87,133212.84,136014.97,139508.23,141982.6,144633.13
"54",25237.71,25778.47,26778.63,27702.94,27923.58,27521.62,27300.67,27551.24,27900.49,28276.96,28928.25,29930.52,31281.71,32780.9,33777.69,34175.61,34880.76,36257.96,37579.91,38554.04,39605.5,40855.75,41802.49,42100.51,42100.49,41923.44,41371.67,40771.6,40676.24,40924.46,41479.01,42353.31,43657.63,45534.42,46651.31,46901.71,47527.89,49086.43,51234.63,52957.09,54357.51,55781.61,57333.97,58958.54,60369.43,61856.77,63315.52,64374.64,63939.17,62733.07,62549.33,62269,63609.67,68932.51,74098.15,75851.99,76190.64,76434.35,77135.98,78048.66,78367.25,78813.26,78613.86,78090.52,77132.36,74883.1,73729.99,73825.57,75114.26,78204.05,80934.47,83154.71,85339.63,87557.24,90261.78,93024.2,97065.99,103230.82,108545.01,116263.38,125995.13,128487.21,126865.7,127279.91,128159.32,129497.74,131284.06,132936.87,135890.17,139432.73,141958.23
"55",24861.44,24977.12,25653.6,26603.21,27327,27398.39,26996.82,26775.5,27001.3,27350.7,27727.15,28403.54,29430.57,30806.88,32331.04,33277.34,33650.97,34405.99,35807.99,37129.97,38053.63,39030.42,40255.9,41228,41550.68,41525.39,41323.55,40796.99,40272.25,40251.57,40524.43,41053.86,41853.07,43057.32,44884.52,46051.88,46377,47028.04,48561.2,50659.62,52332.06,53707.6,55157,56708.94,58341.74,59707.62,61041.35,62463.97,63493.54,63242.29,62433.79,62256.11,61770.38,63076.75,68214.32,73011.65,74746.09,75189.1,75638.31,76442.57,77212.63,77752.8,78318.98,78145.5,77742.24,76694.76,74431.32,73338.17,73566.92,74830.29,77607.16,80338.11,82409.48,84587.55,86968.69,89839.47,92773.18,96802.61,102825.03,108232.24,116085.65,125637.35,127748.33,125944.24,126416.07,127375.2,128858.63,130813.68,132600.96,135662.19,139204.33
"56",24526.27,24574.21,24852.24,25478.07,26227.03,26801.8,26873.51,26496.81,26250.37,26451.42,26825.97,27227.22,27903.55,28930.63,30281.84,31781.02,32752.68,33150.89,33931.45,35358.19,36629.6,37478.49,38430.58,39681.47,40678.15,40975.56,40925.52,40723.62,40222.36,39772.56,39801.65,40049.01,40554.05,41327.87,42482.34,44284.76,45452,45777.09,46402.55,47911.78,50009.79,51657.11,53007.9,54457.4,56048.85,57634.14,58798.57,60059.92,61534.19,62855.68,63023.39,62153.26,61782.55,61217.33,62424.01,67525.05,72168.4,73762.06,74191.66,74880.07,76118.28,77013.55,77380.76,77781.16,77718.69,77500.41,76384.69,74026.88,72912.15,73216.68,74443.8,77052.7,79678.94,81696.11,83902.84,86588.22,89709.32,92663.21,96472.14,102327.89,107789.76,115714.38,125098.46,126829.24,124924.95,125629.5,126775.72,128313.08,130312.91,132232.4,135380.55
"57",23804.74,24226.11,24449.21,24676.67,25102.1,25701.82,26277.02,26348.4,25921.55,25675.67,25926.78,26326.03,26727.26,27403.42,28430.7,29781.8,31281.15,32252.7,32625.68,33356.3,34758.19,36029.65,36853.42,37780.87,39031.63,40028.22,40350.9,40325.63,40123.78,39597.21,39097.13,39126.86,39424.43,39954.12,40753.09,41907.18,43634.51,44777.29,45127.11,45752.55,47261.91,49334.75,50932.01,52258.14,53756.37,55288.56,56637.71,57686.48,58991.52,60802.67,62397.33,62370.41,61478.52,61221.45,60521.61,61437.13,66361.95,71085.11,72737.55,73153.68,73852.95,75299.69,76527.1,76925.9,77146.87,77029.97,76888.89,75895.64,73563.43,72348.08,72653.1,73848.63,76364.13,79052.28,81049.16,83294.64,86229.71,89485.54,92410.89,96088.48,101841.98,107231.37,115137.17,124416.38,125891.37,123893.37,124797.15,126173.21,127749.18,129798.43,131801.82
"58",22819.68,23479.53,24076.36,24248.39,24301.22,24652.08,25201.36,25676.67,25673.14,25246.88,25076.25,25402.02,25825.94,26227.17,26878.26,27880.75,29257.19,30755.91,31677.62,32025.63,32756.45,34158.55,35429.78,36228.58,37105.92,38331.88,39328.33,39651.15,39651.21,39499.09,38972,38447.03,38477.05,38774.14,39304.26,40103.15,41232.05,42884.31,43952.15,44277.34,44927.72,46487.55,48584.9,50157.55,51470.15,52907.02,54208.83,55367.13,56417.01,58079.59,60324.03,61708.13,61421.03,60713.55,60533.54,59752.91,60492.69,65232.88,69966.15,71673.44,72201.09,73019.56,74515.79,75928.27,76412.43,76580.73,76480.87,76345.7,75367.24,72994.16,71691.22,72073.9,73160.4,75603.91,78418.76,80665.16,83155.27,86019.84,89202.86,92107.85,95647.15,101228.96,106523.45,114408.96,123614.5,125019.93,123125.67,124153.13,125568.89,127152.93,129224.24
"59",21827.56,22477.35,23304.81,23850.86,23872.88,23825.94,24152.09,24676.07,25076.28,25023.31,24622.22,24476.32,24827.26,25301.03,25727.29,26378.26,27330.57,28631.92,30156.34,31127.68,31425.18,32081.25,33458.86,34704.97,35478.7,36356.02,37556.76,38578.93,39001.74,39051.28,38848.69,38221.65,37647.04,37677.14,37999.5,38579.64,39377.92,40431.92,41983.99,43052.74,43477.86,44152.36,45662.94,47710.16,49290.86,50535.6,51774.36,52938.6,54011.71,55309.38,57309.23,59463.98,60672.88,60387.36,59836.53,59603.44,58624.62,59315.47,64025.98,68837.61,70710.31,71413.57,72190.23,73644.54,75377.1,75975.38,76019.67,75913.32,75716.2,74697.01,72428.4,71268.4,71519.05,72461.78,74922.05,77975.17,80475.91,83004.98,85731.74,88818.28,91753.06,95158.82,100579.22,105808.17,113678.07,122881.2,124329.77,122459.66,123440.4,124907.86,126582.84
"60",20876.37,21428.46,22226.42,22979.43,23374.91,23322.17,23275.75,23551.43,23975.25,24351.39,24373.6,24047.03,23951.46,24301.62,24725.52,25127.01,25778.03,26730.26,28031.69,29530.79,30452.05,30724.72,31381.11,32733.48,33954.85,34728.44,35555.42,36731.8,37829.16,38301.48,38325.72,38047.92,37346.15,36772,36877.17,37274.06,37854,38602.43,39580.95,41033.27,42077.57,42552.59,43251.95,44737.92,46795.34,48373.19,49415.51,50461,51528.25,53190.31,55341.87,56911.43,58416.53,59541.47,59225.08,58740.16,58409.79,57377.04,58121.03,62799.25,67825.85,69976.17,70691.69,71327.61,72757.04,74687.82,75309.9,75300.06,75244.03,74975.8,73921.76,71862.84,70718.54,70926.78,71804.4,74345.14,77660.44,80312.07,82797.37,85371.6,88335.01,91144.54,94434.92,99813.75,105050.19,112984.82,122230.38,123689.63,121773.23,122736.33,124271.67
"61",19670.06,20477.3,21178.29,21901.42,22503.39,22799.86,22722.63,22675.76,22926.27,23300.53,23651.51,23698.88,23422.42,23351.22,23726.96,24175.62,24577.1,25228.06,26180.23,27456.46,28880.33,29752.05,29999.71,30606.17,31933.56,33154.87,33903.26,34680.32,35857.06,37004.42,37501.54,37500.54,37172.85,36471.42,35947.18,36077.31,36474.16,37054.14,37777.08,38705.94,40108.17,41127.5,41627.96,42351.97,43825.41,45799.96,47249.34,48184.95,49137.46,50105.07,51794.1,54212.78,55908.27,57321.43,58354.37,58003.37,57609.22,57232.17,56143.77,56929.64,61642.94,66916.6,69249.77,69960.43,70487.67,71738.36,73749.02,74543.15,74569.52,74478.79,74176.84,73253.42,71244.3,70172.75,70389.46,71401.53,74156.35,77467.01,80018.48,82528.12,84958.22,87663.13,90362.11,93625.51,98954.91,104243.14,112333.18,121579.91,122948.51,120993.15,121941.43
"62",18137.72,19303.57,20252.25,20928.06,21500.42,21978.52,22274.94,22197.22,22100.61,22326.43,22700.42,23051.62,23098.85,22847.15,22801.46,23151.69,23600.79,24027.11,24652.76,25555.27,26781.25,28129.86,28927.14,29200.44,29856.43,31133.64,32280.07,33028.69,33855.92,35082.55,36229.36,36626.19,36550.82,36248.13,35571.45,35046.91,35152.15,35549.25,36179.37,36901.98,37780.97,39158.24,40177.79,40678.25,41432.66,42852.94,44650.64,46033.83,46902.97,48041.01,49462.8,51048.29,53176.67,54802.89,56125.38,57283.65,57110.44,56625.43,56022.94,54904.43,55934.83,60821.66,66107.76,68438.25,69138.41,69717.45,70963.89,72903.98,73679.65,73703.87,73590,73310.26,72476.79,70603.4,69618.82,69892.18,71011.46,73911.72,77149.74,79703.22,82238.88,84355.17,86793.86,89483.71,92784.22,98197.11,103626.49,111682.51,120808.37,122187.2,120244.83
"63",16805.51,17729.27,19028.49,19901.47,20377.36,20850.21,21353.73,21674.88,21546.42,21375.6,21601.84,22000.39,22351.75,22423.83,22222.33,22201.46,22526.56,22950.67,23377.15,23952.27,24754.85,25906.09,27255.25,28102.75,28375.34,28981.64,30233.99,31380.13,32129,32931.06,34082.36,35204.66,35651.53,35575.78,35248.19,34596.78,34096.82,34202.33,34598.83,35204.42,35902.01,36755.7,38058.17,39028.09,39533.8,40283.63,41646.8,43338.44,44646.82,45757.75,47182.2,48474.89,49906.17,52020.69,53591.66,54805.58,56018.91,56044.42,55541.75,54757.56,53627.83,54866.36,59893.26,65200.59,67527.76,68210.07,68827.42,70099.51,71990.03,72744.1,72652.48,72471.38,72232.23,71633.52,70023.52,69072.82,69240.66,70452.59,73582.89,76823.89,79177.14,81428.24,83440.99,85867.42,88558.47,92013.99,97628.85,103086.52,111017.26,120010.65,121339.08
"64",15828.04,16376.24,17379.01,18602.97,19325.9,19702.12,20150.06,20628.67,20899.63,20797.37,20726.24,20976.71,21325.16,21651.59,21723.93,21522.18,21501.64,21851.7,22300.59,22676.74,23177,23954.99,25081.1,26380.49,27202.88,27475.32,28056.53,29233.86,30330.57,31129.64,31955.98,33057.35,34154.9,34576.47,34475.9,34148.35,33496.75,32996.79,33102.19,33523.97,34179.67,34876.64,35655.61,36833.03,37744.68,38317.37,39107.85,40387.25,41909.02,43314.43,44753.19,46137.96,47232.86,48657.21,50759.73,52320.01,53504.88,54777.86,54995.24,54501.99,53639.62,52550.81,53856.89,58922.33,64249.08,66504.83,67065.29,67786.1,69145.53,70932.82,71591,71475.46,71212.94,71141.87,70813.89,69324.26,68311.08,68460.92,69862.05,73208.96,76305.07,78260.06,80355.35,82392.53,84844.84,87729.32,91418.61,97098.44,102499.44,110336.97,119206.21
"65",14676.49,15325.35,15950.5,16928.06,18026.65,18650.04,19001.66,19424.07,19853.38,20124.55,20046.74,19950.65,20201.46,20599.48,20925.99,20973.3,20771.76,20751.12,21126.31,21599.91,21950.89,22401.06,23129.39,24205.66,25479.96,26277.19,26474.26,27006.12,28208.86,29304.81,30028.58,30780.01,31856.7,32954.13,33375.81,33300.54,33022.67,32370.88,31820.13,31926.82,32398.42,33078.89,33750.61,34454.6,35585.59,36544.93,37150.57,37881.03,38981.28,40983.29,43136.97,44153.39,44899.17,45913.92,47327.24,49333.74,50840.51,52100.07,53531.29,53936.4,53453,52545.66,51482.2,52820.79,57948.41,63178.56,65187.86,65736.28,66640.52,68052.9,69686.38,70235.63,70073.98,69930.38,70056.4,69975.67,68502.35,67387.4,67572.7,69215.34,72652.68,75377.64,77048.58,79121.5,81218.76,83811.8,86959.19,90764.67,96372.26,101714.77,109486.46
"66",13111.24,14227.38,14975.38,15550.82,16402.75,17376.48,17950.22,18276.5,18624.07,19003.21,19299.99,19272.18,19225.88,19476.1,19824.53,20151.16,20248.68,20071.8,20051.09,20401.12,20799.5,21075.67,21501.41,22229.7,23305.77,24554.76,25301.93,25474.41,25981.07,27133.5,28204.65,28953.83,29704.83,30706.26,31728.94,32151.1,32125.65,31847.67,31170.65,30645.92,30802.08,31298.28,31953.83,32600.87,33302.25,34436.66,35433.15,36048.26,36739.21,38007.21,40110.62,42006.78,42949.91,43699.53,44603.56,45994.85,47917.83,49383.19,50697.54,52259.21,52801.36,52295,51383.69,50395.33,51823.77,56927.86,61902.61,63709.06,64293.07,65343.71,66735.57,68150.76,68618.63,68557.71,68558.2,68860.03,68870.25,67413.3,66303.15,66584.74,68288.1,71538.75,74144.31,75752.95,77823.57,80105.04,82987.54,86219.2,90008.61,95625.28,100883.47
"67",11327.06,12678.9,13826.84,14550.19,15025.07,15777.37,16751.45,17324.98,17601.33,17924.33,18303.61,18599.97,18571.94,18525.73,18776.19,19124.27,19476.53,19573.41,19346.24,19301.14,19625.79,19973.97,20225.87,20676.93,21404.69,22430.63,23629.64,24352.13,24549.82,25055.98,26108.45,27079.78,27829.26,28579.87,29556.52,30604.33,31025.98,30950.78,30622.2,29946.07,29470.81,29626.77,30123.19,30829.3,31514.78,32231.71,33320.95,34248.16,34835.07,35840.29,37371.86,39018.12,40560.45,41625.83,42408.06,43191.54,44508.93,46442.59,47920.18,49255.09,50833.5,51386.24,50946.8,50142.21,49224.93,50699.75,55737.31,60475.21,62113.61,62762.71,63826.97,65138.11,66459.82,66998.74,67060.96,67265.39,67670.38,67690.16,66253.4,65239.61,65608.79,67265.68,70308.51,72783.43,74374.36,76641.48,79247.6,82282.82,85484.31,89257.19,94774.06
"68",9791.17,10904.02,12253.34,13326.5,13974.94,14424.83,15152.12,16051.03,16549.66,16801.53,17124.32,17478.62,17750,17746.88,17725.9,17976.15,18324.39,18676.47,18773.33,18521.09,18425.86,18725.69,19099.35,19376.29,19776.64,20429.69,21430.75,22629.74,23352.47,23499.4,23905.97,24908.51,25879.85,26604.18,27330.21,28306.78,29329.16,29700.98,29575.42,29247.67,28646.55,28245.64,28401.76,28847.75,29573.4,30239.29,30848.38,31934.97,32884.81,33765.37,35070.01,36236.37,37477.84,38997.74,40184.01,41041.96,41760.87,43013.15,44914.96,46392.12,47751.84,49311.83,49872.77,49524.35,48840.3,48042.3,49556.11,54468.83,58952.35,60374.84,60940.22,62145.37,63339,64626.66,65312.21,65606.84,65975.6,66440.23,66427.16,65071.53,64111.86,64503.88,66127.02,68988.11,71319.39,73077.51,75640.23,78395.36,81440.8,84692.94,88385.37
"69",8819.8,9427.59,10578.9,11827.97,12751.05,13324.91,13800.13,14526.94,15375.74,15849.95,16076.56,16349.09,16678.76,16949.75,16946.88,16925.86,17176.32,17549.53,17926.49,17998.15,17720.76,17600.69,17825.47,18149.92,18451.66,18851.37,19454.55,20405.71,21554.81,22252.6,22399.4,22780.93,23733.3,24679.99,25379.03,26055.19,27006.73,28004.14,28325.7,28200.91,27922.93,27346.41,26920.53,27026.78,27493.7,28154.62,28621.28,29292.73,30560.61,31584.4,32478.19,33640.66,34686.26,35863.39,37372.08,38557.93,39353.61,40118.52,41421.01,43312.78,44843.61,46237.33,47717.64,48255.85,48025.06,47451.65,46729.84,48307.41,53077.37,57240.59,58566.76,59308,60381.75,61491.46,62839.83,63718.2,64199.32,64741.94,65225.99,65140.38,63900.28,63034.74,63407.18,64891.14,67584.8,69963.44,72022.27,74752.9,77519.25,80601.67,83808.53
"70",8179.22,8449.78,9126.8,10202.56,11276.38,12075.24,12624.13,13074.19,13750.78,14575.65,15049.64,15276.2,15522.99,15828.14,16124.44,16146.13,16125.5,16375.64,16723.34,17075.88,17147.22,16819.47,16650.3,16925.75,17299.41,17550.65,17850.36,18404.14,19355.3,20504.2,21201.9,21298.35,21579.92,22482.95,23454.56,24178.45,24803.88,25655.66,26577.86,26875.05,26775.3,26547.08,25995.67,25518.99,25596,26053.41,26534.98,26869.41,27686.97,29543.01,30965.46,31341.12,32072.47,33121.93,34193.71,35567.82,36696.97,37551.43,38451.72,39825.77,41686.07,43200.71,44631.81,46082.18,46587.57,46410.99,45894.3,45284.39,46959.19,51601.43,55458.31,56853.47,57567.22,58544.3,59567.58,61052.09,62139.3,62853.92,63405.09,63860.14,63801.68,62599.79,61774.12,62142.74,63589.19,66258.52,68819.62,71017.57,73747.61,76564.41,79564.12
"71",7523.34,7824.58,8124.71,8701.52,9627.5,10627.08,11425.62,11949.4,12374.5,13026.42,13826.04,14299.87,14501.03,14748.63,15052.84,15274.21,15271.92,15275.45,15500.56,15849.04,16225.84,16272.27,15945.21,15825.92,16126.06,16449.13,16625.56,16925.82,17504.19,18430.13,19478.57,20076.75,20148.56,20404.69,21308.04,22304.69,23003.15,23603.97,24430.21,25277.74,25525.09,25425.15,25146.98,24520.68,24080.57,24206.95,24576.79,24896.67,25128.28,26254.63,28477.69,29704.73,29828.13,30544.1,31550.43,32523.4,33809.15,34885.35,35806.1,36839.58,38251.91,40049.95,41515.42,42959.43,44374.91,44890.05,44769.98,44288.22,43791.68,45572.11,50000.17,53722.28,55018.43,55748.97,56636.09,57761.87,59406.61,60617.94,61446.57,62043.85,62462.79,62278.08,61115.58,60404.35,60811.83,62279.12,65002.07,67654.34,69929.8,72674.88,75413.64
"72",6740.57,7175.03,7524.05,7799.28,8300.99,9126.69,10026.17,10749.89,11223.73,11624.64,12301.32,13100.46,13524.42,13700.85,13922.88,14177.99,14399.36,14421.25,14425.43,14650.43,14973.11,15300.52,15322.14,15020.74,14926.13,15200.6,15499.05,15700.85,16025.92,16554.1,17354.57,18328.6,18927.04,18998.47,19280.27,20183.55,21129.53,21778.22,22303.63,23055.46,23877.82,24125.04,24025.44,23747.01,23147.67,22744.06,22794.68,22990.45,23133,23453.44,24883.98,27072.72,28092.98,28155.22,28885.78,29952.22,30924.88,32103.51,33056.87,33984.18,35174.62,36653.24,38314.46,39698.36,41196.57,42651.08,43147.35,42988.26,42533.13,42193.86,43951.84,48316.85,51781.09,53120.41,53891.08,54865.9,56145.96,57808.62,58988.31,59903.92,60651.37,60904.84,60558.61,59484.39,58979.82,59472.93,60993.11,63712.58,66374.11,68757.92,71517.83
"73",5958.82,6325.19,6749.6,7048.84,7274.16,7725.56,8501.31,9325.64,9974.74,10449.46,10849.39,11451.07,12200.39,12624.19,12801.02,13022.92,13278.1,13474.02,13471.33,13475.44,13675.06,13972.93,14300.75,14322.71,14020.74,13926.14,14200.75,14498.99,14701.13,15025.91,15528.99,16254.25,17128.39,17651.94,17698.53,17980.61,18858.42,19754.59,20352.85,20828.68,21580.77,22427.7,22624.91,22450.53,22180.47,21617.46,21215.78,21229.52,21296.11,21440.5,21908.85,23341.52,25476.33,26446.55,26455.41,27128.01,28171.77,29205.96,30339.63,31163.35,32033.23,33317.8,34928.36,36526.1,37843.73,39370.37,40779.71,41272.86,41144.88,40678.04,40348,42146.35,46322.8,49785.02,51164.79,52035.85,53010.09,54445.41,56133.94,57293.32,58278.54,58882.63,59105.5,58731.29,57801.07,57487.66,58023.63,59507.08,62247.95,65068.71,67451.01
"74",5333.87,5574.87,5974.87,6349.21,6573.78,6748.8,7150.51,7876.25,8624.98,9225.01,9699.33,10099.58,10675.74,11349.7,11724.23,11900.99,12148.1,12428.16,12598.71,12571.19,12524.92,12649.82,12923.05,13301.68,13398.12,13095.39,12976.23,13225.51,13499.21,13676.05,13925.47,14353.77,15029.22,15878.47,16402.03,16423.41,16655.43,17508.51,18379.3,18902.75,19328.87,20055.52,20852.72,21025.25,20829.79,20559.95,20038.89,19667.21,19644.98,19755.56,20078.3,20501.38,21784.28,23897.79,24798.88,24700,25279.41,26330.33,27453.95,28545.02,29327.44,30235.66,31548.52,33188.73,34692.81,35899.45,37383.02,38784.41,39325.29,39224.83,38786.6,38501.18,40161.47,44266.23,47773.83,49247.89,50019.24,51020.8,52599.83,54355.32,55472.42,56263.55,56862.57,57186.48,56876.69,56053.94,55873.01,56480.19,57993.46,60756.9,63586.06
"75",4884.52,4948.78,5198.78,5549.39,5873.67,6047.75,6198.15,6574.63,7199.96,7875.06,8449.09,8898.78,9324.06,9874.41,10473.58,10823.52,11000.4,11221.95,11452.28,11598,11570.32,11524.01,11624.07,11923.41,12376.2,12446.71,12094.81,11975.5,12224.98,12473.21,12625.04,12899.89,13327.86,13927.9,14677.12,15125.89,15147.59,15379.06,16156.79,17003.51,17551.61,17927.03,18528.76,19201.2,19357.76,19183.12,18907.15,18431.86,18102.97,18191.16,18400.55,18632.54,18968.06,20236.58,22324.15,23169.43,23003.01,23482.65,24511.44,25715.39,26826.02,27587.38,28396.2,29685.21,31430.66,32885.19,33913.24,35270.69,36672.95,37343.23,37270.32,36909.74,36547.4,38122.49,42241.19,45748.79,47142.15,47883.57,48981.81,50783.59,52531.69,53418.88,54121.96,54731.87,55134.37,54914.11,54186.67,54087.15,54776.51,56385,59137.77
"76",4525.51,4472.96,4548.45,4773.87,5074.26,5373.42,5547.98,5673.07,5999.41,6575.09,7174.7,7699.4,8148.91,8523.18,9024.57,9623.93,9948.48,10075.12,10271.76,10502.31,10622.62,10544.73,10474.29,10625,10973.5,11400.98,11446.92,11094.75,10975.76,11225.02,11447.83,11549.94,11774.83,12152.76,12702.75,13401.96,13851.05,13897.83,14103.71,14856.97,15678.38,16151.07,16426.88,16979.01,17674.07,17788.81,17494.43,17223.52,16839.55,16668.89,16897.17,16984.34,17121.53,17461.7,18674.88,20690.2,21458.41,21287.77,21723.68,22724.32,23982.78,25104.58,25893.65,26654.17,27876.56,29588.94,30874.81,31767.24,33072.73,34505.69,35215.17,35267.39,34904.79,34545.39,36068.79,40185.6,43600.71,44978.43,45684.03,46879.42,48815.18,50392.41,51213.54,51855.32,52528.99,53132.94,53003.23,52300.64,52270.75,53049.34,54673
"77",4023.45,4173.36,4147.74,4173.72,4349.11,4599.09,4873.98,5048.39,5148.09,5425.03,5950.18,6499.82,6974.23,7373.67,7723.73,8199.49,8748.95,9048.49,9175.16,9372.43,9576.9,9672.69,9620.59,9574.84,9700,10023.58,10425.87,10421.73,10070.7,10001.03,10275.09,10472.95,10550.17,10749.74,11077.44,11577.69,12252.07,12701.19,12722.41,12903.79,13631.63,14377.84,14776.07,15001.84,15500.43,16110.75,16172.33,15898.48,15662.16,15399.78,15280.36,15411.39,15501.48,15679.7,15993.09,17058.54,18894.26,19685.41,19613.84,20001.43,20921.51,22168.01,23331.21,24186.5,24896.96,25971.38,27534.95,28741.14,29619.59,30905.41,32240.09,32995.28,33040.93,32779.52,32497.62,33961.31,37921.04,41349.79,42754.89,43464.32,44655.46,46501.68,48064.86,48914.9,49582.46,50234.46,50921.79,50910.33,50318.27,50371.76,51187.38
"78",3463,3623.97,3772.93,3747.62,3773.75,3948.53,4173.77,4398.71,4522.8,4598.29,4874.9,5349.82,5824.34,6299.18,6723.6,7023.16,7424.29,7923.62,8173.07,8275.13,8446.74,8601.82,8672.7,8646.42,8624.97,8724.68,8998.5,9375.99,9422.46,9120.08,9000.62,9225.11,9448.31,9550.2,9749.79,10052.53,10502.46,11101.81,11475.82,11523.11,11728.69,12356.1,13002.85,13351.09,13531.92,13973.23,14515.99,14547.22,14263.43,14175.18,14140.49,13944.91,13909.31,14016.84,14247,14571.32,15522.9,17188.48,17984.06,17958.59,18340.9,19233.17,20399.7,21573.72,22496.23,23196.79,24145.85,25521.17,26610.36,27488.15,28715.3,30041.43,30676.17,30763.87,30655.37,30559.17,31966.38,35743.45,39038.33,40519.13,41287.5,42356.94,44135.42,45632.85,46535.54,47264.66,48000.1,48751.73,48785.66,48257.17,48343.62
"79",3035.9,3098.68,3274.15,3398.21,3347.76,3348.52,3473.74,3699.3,3948.52,4073.55,4148.58,4374.61,4774.77,5199.11,5599.08,5948.72,6223.42,6624.49,7098.22,7323.44,7425.06,7546.29,7626.7,7698.73,7721.86,7699.76,7774.88,8048.69,8426.26,8447.34,8095.2,7975.88,8225.4,8448.38,8550.25,8749.95,9001.95,9327.01,9851.56,10251.24,10323.24,10503.35,11055.75,11627.81,11945.74,12108.36,12475.42,12883.98,12864.71,12710.32,12754.26,12723.12,12479.3,12417.79,12569.65,12803.84,13104.77,13999.41,15516.97,16285.11,16342.8,16750.4,17579.97,18652.73,19826.44,20771.96,21395.87,22213.5,23407.88,24462.89,25283.58,26594.46,27819.61,28340.38,28512.9,28615.27,28596.37,29968.59,33541,36743.72,38199.15,38877.72,39949.81,41635.04,43139.15,44134.22,44951.21,45696.81,46481.08,46591.96,46082.6
"80",2908.66,2909.57,2986.5,3059.16,3052.26,3009.04,3060.61,3189.52,3404.8,3691.18,3872.48,3937.91,4138.15,4548.29,5016.18,5419.14,5662.41,5801.26,6075.06,6490.01,6769.4,6876.27,6899.06,7057.01,7140.58,7068.58,7217.73,7328.21,7397.93,7644.24,7665.34,7455.57,7495.95,7673.59,7781.77,7894.14,8070.9,8378.93,8762.68,9171.61,9459.22,9550.37,9821.88,10312.88,10686.11,10881.93,11179.09,11584.87,11886.52,11955.89,11776.14,11575.35,11514.69,11271.83,11128.59,11204.33,11348.63,11706.29,12520.4,13905.93,14561.82,14640,15149.95,16112.78,17019.24,17585.67,18477.67,19343.26,20058.28,21225.15,22129.55,23084.33,24301.75,25617.45,26303.97,26216.53,26312.78,26443,27151.6,30907.79,34266.06,35296.73,36468.72,37538.45,39110.29,40592.58,41643.73,42454.65,43261.74,44154.68,44257.38
"81",2545.27,2577.35,2556.03,2612.19,2693.9,2671.95,2623.59,2688.65,2802.57,3012.23,3285.21,3429.18,3477.46,3636.79,3987.49,4425.68,4810.94,5017.3,5110.59,5339.5,5719.22,5938.29,6008.17,6072.97,6231.88,6292.12,6274.07,6402.04,6465.62,6534.69,6746.21,6760.91,6596.89,6659.64,6800.39,6832.95,6955.79,7186.35,7443.32,7775.68,8154.7,8396.49,8471.6,8681.4,9113.92,9432.28,9579.4,9831.01,10206.78,10499.75,10557.68,10427.59,10254.21,10172.86,9977.88,9879.95,9972.78,10135.02,10485.54,11217.19,12456.32,13053.12,13158.63,13678.91,14523.72,15377.98,15931.73,16723.44,17487.81,18264.62,19395.97,20202.29,21051.74,22208.4,23459.24,24129.48,24040.71,24225.48,24447.38,25162.24,28730.06,31829.83,32822.59,34029.09,35051.15,36592.04,38058.57,39088.61,39896,40825.73,41692.64
"82",2077.37,2242.19,2250.71,2227.34,2287.7,2349.55,2326.68,2294.78,2344.43,2455.99,2655.71,2893.18,3008.14,3025.38,3154.8,3475.92,3889.19,4214.08,4356.65,4444.07,4654.63,4960.69,5141.28,5239.34,5327.75,5446.23,5525.36,5521.1,5610.56,5664.44,5697.76,5867.73,5910.9,5799.91,5839.86,5915.09,5980.86,6139.91,6319.74,6544.02,6844.09,7157.61,7350.48,7380.14,7579.03,7983.41,8223.54,8318.27,8588.91,8936.52,9155.16,9240.8,9141.19,8956.31,8919.97,8790.92,8707.75,8820.81,8976.53,9310.06,9986.15,11079.92,11602.3,11736.79,12208.44,12990.75,13805.1,14277.71,14951.69,15731.18,16434.63,17529.99,18262.48,19073.74,20128.21,21298.38,21871.49,21912.62,22222.17,22478.58,23237.59,26564.65,29464.09,30392.99,31545.74,32592.08,34064.67,35437.47,36446.25,37375.19,38294.69
"83",1712.11,1796.63,1917.04,1921,1912.68,1961.7,2011.64,1995.99,1957.82,2007.66,2121.34,2283.73,2471.96,2564.11,2575.92,2689.46,2964.21,3294.5,3558.8,3699.09,3780.22,3930.83,4182.65,4392.47,4513.19,4558.43,4677.47,4757.01,4729.9,4806.22,4839.72,4870.54,5036.27,5079.04,4987.54,5003.57,5076.45,5168.2,5307.25,5464.72,5661.13,5914.79,6177.11,6316.37,6356.43,6523.07,6851.83,7046.71,7140.71,7368.81,7651.03,7874.37,7942.9,7850.99,7736.63,7720.73,7613.95,7596.08,7730.19,7879.61,8179.37,8743.13,9720.86,10222.2,10293.94,10755.37,11506.47,12226.68,12615.93,13294.56,14041.27,14738.16,15648.45,16290.87,17093.74,18094.19,19138.33,19741.47,19863.06,20218.34,20526.2,21233.9,24348.73,27041.13,27890.57,29011.35,30077.18,31452.34,32732.92,33769.71,34675.12
"84",1495.74,1461,1509.84,1606.9,1611.21,1602.02,1647.09,1691.8,1668.9,1649.77,1705.58,1785.58,1910.32,2058.32,2137.97,2162.18,2249.76,2460.54,2721.23,2946.21,3090.04,3124.91,3232.99,3506.13,3712.06,3794.11,3833.65,3937.59,4003.67,3984.23,4029.08,4060.84,4098.79,4241.99,4290.27,4189.43,4204.23,4322.15,4390.82,4483.31,4639.16,4820.54,5028.57,5224.63,5347,5376.2,5523.45,5782.88,5946.76,6043.11,6223.26,6496.48,6690.97,6731.55,6678.16,6587.24,6583.16,6546.18,6572.52,6699.21,6819.58,7069.71,7572.77,8455.47,8870.97,8954.92,9396.56,10062.38,10678.62,11089.89,11741.46,12446.09,13046.47,13835.7,14389.45,15183.23,16085.91,17133.1,17741.22,17895.42,18260.87,18504.93,19231.53,22163.6,24644.42,25450.76,26479.41,27470.17,28761.08,30035.32,31067.3
"85",1223.16,1231.93,1191.29,1225.87,1310.13,1319.54,1315.84,1360.75,1391.38,1379.06,1376.56,1409.44,1476.6,1562.29,1676.21,1765.36,1776.35,1837.74,2001.89,2221.64,2413.32,2496.84,2513.53,2646.17,2906.44,3066.01,3137.24,3172.45,3253.45,3305.49,3273.64,3324.2,3369.69,3398.44,3513,3523.76,3455.74,3523.32,3616.81,3657.61,3737.49,3867.51,4026.97,4179.83,4328.39,4446.22,4504.99,4580,4791.45,4980.66,5040.6,5216.22,5469.9,5604.3,5642.19,5612.84,5556.88,5599.52,5589.55,5611.97,5725.11,5830.11,6049.02,6505.93,7262.22,7631.32,7707.17,8112.44,8684.66,9244.95,9649.55,10296.29,10858.74,11426.2,12115.26,12622.66,13328.07,14207.42,15205.75,15769.82,15978.98,16259.22,16479.11,17250.85,19977.66,22282.07,23046.15,23915.26,24898.89,26187.4,27391.73
"86",971.73,984.91,983.51,960.34,1002.83,1058.45,1055.14,1067.39,1106.51,1135.62,1133.93,1122.05,1151.12,1202.93,1264.27,1368.64,1437.55,1436.26,1481.39,1621.83,1793.28,1912.32,1972.08,2019.29,2157.75,2360.04,2492.84,2543.69,2568.08,2637.55,2666.28,2663.53,2716.87,2745.9,2776.04,2844.09,2856.67,2845.43,2913.46,2988.02,3018.7,3066.43,3171.51,3304.49,3412.02,3537.72,3667.21,3685.77,3739.7,3947.09,4084.89,4154.91,4327.13,4505.85,4622.4,4670.16,4677.13,4684.37,4725.01,4727.15,4749.07,4834.07,4935.59,5150.88,5501.94,6170.11,6504.1,6572.99,6928.98,7458.25,7981.1,8443.81,8945.74,9366.14,9874.51,10476.11,10890.91,11626.82,12427.75,13321.29,13868.89,14026.72,14303.87,14587.7,15421.55,17897.19,19946.15,20561.44,21380.79,22307.97,23550.74
"87",815.29,785.22,778.57,786.21,777.39,791.75,826.6,836.47,849.37,884.25,915.33,911.92,894.49,908.97,952.42,1013,1102.58,1148.23,1130.64,1174.08,1291.89,1403.72,1488.15,1556.1,1605.2,1709.49,1880.99,1987.4,2021.72,2039.24,2086.17,2120.05,2130.76,2168.46,2202.69,2204.08,2261.54,2319.69,2306.3,2354.84,2430.38,2440.7,2461.35,2536.92,2632.37,2730.65,2849.69,2944.66,2966.63,3029.05,3183.93,3310.77,3382.82,3480.94,3641.24,3777.56,3834.76,3881.86,3895.43,3953.55,3960.37,3943.68,4033.79,4129.9,4272.61,4588.55,5166.59,5455.3,5490.05,5800.44,6292.87,6792.97,7177.85,7583.07,7946.9,8453.39,8974.16,9330.96,9992.84,10764.03,11580.61,11995.77,12195.93,12507.5,12852.31,13582.25,15771.26,17552.77,18137.85,18949.17,19857.85
"88",665.28,657.01,619.42,605.98,626.96,616.76,621.62,659.74,656.8,667.86,709.48,727.35,712.39,696.9,714.93,757.41,801,865.76,889.71,878.31,925.95,1012.75,1086.09,1156.55,1215.92,1250.76,1346.27,1484.51,1563.06,1587.9,1600.63,1637.37,1678.65,1676.94,1703.2,1726.13,1726.76,1802.94,1842.57,1839.49,1896.05,1931.31,1923.04,1929.87,1983.24,2073.28,2164.89,2248.16,2335.53,2370.9,2408.51,2543.55,2654.34,2688.49,2784,2940.16,3067.76,3145.36,3198.63,3234.71,3273.89,3258.08,3253.89,3335.72,3378.81,3510.8,3772.35,4258.11,4483.79,4547.63,4889.57,5323.87,5669.06,6005.85,6343.38,6647.57,7096.65,7564.52,7868.9,8491.36,9193.15,9858.05,10251.52,10461.01,10815.63,11157.93,11803.68,13744.53,15321.51,15875.48,16580.75
"89",504.3,526.67,510.08,472.85,477.36,495.94,478.08,488.88,513.59,511.14,526.19,556.75,568.29,550.92,539.07,560.05,593.69,623.96,655.63,676.32,688.64,720.21,779.48,845.75,909.9,936.75,955.66,1034.3,1142.5,1206.5,1226.23,1234.94,1266.67,1288.55,1282.06,1314.27,1334.12,1337.11,1401.51,1450.12,1452.37,1475.96,1508.28,1504.17,1498.32,1540.9,1624.27,1684.65,1744.55,1824.28,1841.57,1879.15,2010.79,2087.41,2109.49,2199.61,2333.8,2471.96,2549,2606.89,2637.46,2647.01,2643.72,2645.05,2695.15,2743.99,2862.44,3058.87,3446.42,3676.58,3768.47,4099.01,4410.97,4687.09,4954.07,5244.06,5491.42,5950.2,6306.13,6550.73,7122.78,7686.9,8311.91,8664.81,8904.86,9270.77,9555.06,10084.61,11763.35,13248.9,13789.4
"90",372.63,388.95,395.9,379.49,360.19,367.36,373.91,358.11,366.81,388.11,391.93,409.77,432.74,424.64,407.62,406.34,431.6,459.17,468.03,491.75,514.7,519.22,540.25,599.12,660.87,687.01,697.33,718.72,777.84,868.74,913.21,926.72,933.75,952.99,970.31,966.45,997.84,1021.16,1022.3,1072.24,1114.48,1116.95,1143.37,1155.78,1144.12,1148.38,1188.85,1245.03,1284.68,1343.19,1403.7,1405.97,1448.4,1549.32,1598.32,1625.12,1708.33,1845.31,1960.33,2027.6,2092.17,2073.32,2079.87,2104.74,2080.03,2142.2,2190.99,2269.19,2409.09,2748.78,2975.01,3052.16,3292.22,3539.15,3751.94,4014.3,4227.55,4504.35,4918.28,5194.97,5393.33,5812.03,6302.93,6876.02,7231.36,7449.25,7783.26,8013.39,8462.03,9955.12,11220.09
"91",281.87,289.99,293.49,293,284.19,273.12,275.54,278.32,264.78,278.54,301.37,305.42,316.28,326.23,317.69,305.63,306.88,325.63,343.94,348.83,365.83,379.27,384.32,411.2,458.09,498.35,513.44,516.23,532.92,590.84,652.46,682.45,711.96,716.1,724.73,732.46,726.44,761.36,770.09,761.5,806.32,842.29,845.16,858.28,863.78,863.66,879.37,900.13,940.34,976.6,1017.41,1056.01,1066.44,1106.14,1185.89,1231.65,1261.68,1341.64,1445.31,1539.44,1586.99,1624.44,1615.99,1640.24,1644.53,1611.35,1679.6,1714.97,1763.96,1885.34,2186.82,2406.62,2451.46,2623.86,2807.68,2994.52,3179.36,3366.39,3612,3966.03,4206.47,4357.61,4696.62,5097.92,5612.69,5942.77,6150.74,6414.66,6621.42,7033.1,8287.57
"92",208.4,222.04,222.1,219.64,217.21,213.38,205.81,208.73,209,203.98,216.8,229.08,232.37,243.73,249.74,241.42,233.66,232.92,242.92,255.96,260.37,268.63,277.03,284.36,307.81,333.93,359.88,376.57,383.67,399.34,428.82,475.24,527.65,548.81,538.61,538.58,534.82,537.83,569.04,569.85,557.19,591.34,625.05,634.75,637.75,634.49,647.57,659.54,674.29,697.25,712.8,749.71,786.29,796.57,836.56,903.62,938.61,978.48,1040.03,1110.39,1167.67,1204.51,1253.69,1246.59,1247.35,1260.72,1241.49,1290.55,1307.75,1356.96,1461.47,1716.39,1872.61,1888.1,2038.76,2191.27,2342.93,2510.93,2642.01,2843.12,3171.64,3311.93,3434.74,3734.97,4068.15,4489.95,4782.77,4945.82,5195.06,5355.48,5704.06
"93",144.69,159.07,166.92,163.76,158.85,158.66,156.58,152.76,151.18,153.97,152.23,158.31,170.09,174.59,180.74,184.72,181.92,178.13,169.42,174.66,188.99,186.88,186.96,193.13,207.71,213.53,229.82,260,273.32,281.48,280.06,296.27,341.16,383.37,395.57,379.33,379.38,382.72,389.26,404.12,402.39,397.32,423.72,458.44,464.3,454.86,458.08,474.81,485.45,493.77,495.12,511.24,547.69,561.9,572.56,610.55,663.02,706.92,741.15,773.5,818.14,861.65,903.84,948.7,921.02,941.19,968.03,923.9,952.55,984.96,1041.1,1109.3,1303.38,1417.69,1430.86,1540.21,1657.66,1785.43,1921.78,2031.06,2217.95,2439.97,2536.83,2657.84,2929.36,3173.41,3510.55,3752.29,3901.19,4105.95,4261.94
"94",104.22,109.39,119.99,122.61,115.49,110.31,112.37,115.04,106.47,105.14,111.96,112.47,118.81,126.81,126.61,131.76,134.24,131.15,123.65,116.17,126.7,133.52,128.42,128.04,139.92,147.58,147.33,158.71,178.63,194.91,197.85,192.22,201.06,238.46,268.81,271.19,265.67,265.15,264.46,268.42,280.88,280.46,275.24,295.39,325.26,327.59,317.36,318.33,331.02,348.92,346.33,345.8,369.82,386.56,395.02,405.99,431.82,480.77,518.22,542.82,564.28,589.01,629.67,672.04,697.6,670.81,694.56,720.26,658.23,689.79,749.95,791.23,823.8,967.82,1046.27,1069.64,1130.72,1218.45,1338.59,1448.87,1544.92,1680.33,1832.99,1910.91,2037.95,2241.31,2436.03,2682.95,2878.64,3010.24,3172.59
"95",76.56,79.28,78.37,83.93,85.61,77.93,76.08,80.63,78.04,69.45,73.43,82,83.52,85.09,90.03,93.61,93.55,92.45,88.39,81.84,79.62,86.95,88.75,85.63,89.83,97.68,101.85,100.62,109.8,125.68,138.66,137.57,127.76,137.46,163.53,180.44,183.61,179.69,177.13,181.16,186.1,192.02,192.96,184.99,202.29,225.03,216.77,206.93,214.5,234.03,244.58,238.61,242.64,259.61,270.7,275.49,279.97,304.15,349.08,380.89,391.71,391.63,413.53,457.02,485.5,505.36,480.13,499.1,508.65,472.67,498.99,553.49,577.07,611.61,711.89,777.75,787.6,823.26,878.56,960.06,1051.16,1121.22,1220.6,1332.31,1417.23,1515.08,1665.26,1798.62,1995.68,2154.56,2245.39
"96",49.69,58.32,56.09,52.39,55.23,56.83,54.69,55.64,54.97,50.25,47.26,51.48,59.52,57.07,56.64,62.82,65.19,64.66,61.3,57.23,52.21,49.95,55.12,58.59,57.76,61.73,70.14,69.68,68.9,77.03,85,88.77,85.95,82.68,92.23,106.97,115.59,121.96,117.27,112.11,119.29,123.9,126.02,123.93,121.84,134.04,145.68,142.49,137.73,140.85,154.18,164.73,161.97,164.99,176.43,187.09,187.47,188.03,216.9,252.15,264.66,267.57,274.66,289.95,316.09,344.94,370.17,341.63,341.44,366.86,333.62,361.79,379.27,394.87,425.15,497.15,530.24,557.87,592.51,626.41,698.21,753.5,780.87,870.38,958.95,1025.2,1085.38,1194.37,1293.54,1461.8,1586.38
"97",30.17,36.73,41.33,36.59,32.75,35.83,38.35,39.4,36.99,34.5,34.29,30.79,36.58,42.68,36.89,35.99,42.65,46.76,43.54,39.34,36.3,31.27,31.32,35.75,37.66,39.03,44.53,46.61,44.97,45.99,48.06,51.63,56.29,54.35,52.53,59.32,66.96,77.11,80.88,72,69.11,75.95,78.95,77.41,78.97,79.63,87.34,96.28,90.98,85.09,90.54,101.21,105.56,105.72,109.38,117.47,125.87,125.21,127.59,148.87,171.78,181.26,184.76,185.81,188.21,212.47,240.78,263.18,228.19,226.84,248.5,250.85,260.26,260.49,271.68,288.36,331.3,354.87,379.43,416.29,453.03,489.26,504.1,535.21,604.67,666.76,715.35,757.68,829.99,920.35,1034.91
"98",21.29,21.16,25.04,28.12,25.85,23.03,23.9,26.13,26.94,24.51,23.06,22.07,21.25,25.07,27.18,24.18,23.31,28.12,30.27,26.81,24.14,22.58,20.04,19.14,22.11,23.46,25.3,28.6,26.88,25.72,28.02,30.84,33.99,35.7,34.94,33.43,36.45,43.35,48.73,49.41,45.42,44.28,47.12,46.44,46.82,50.41,50.01,52.95,55.33,56.07,58.76,59.7,63.21,66,66.19,69.56,78.27,85.7,83.68,83.49,100.11,114.98,118.72,124,120.36,120.57,143.76,163.1,179.3,155.17,149.56,163.09,164.94,162.03,173.14,187.82,191.28,216.39,235.5,250.31,282.08,306.24,324.2,345.09,370.58,414.99,450.87,474.58,509.48,583.71,640.38
"99",16.57,14.82,14.41,17.56,19.86,18.85,16.8,16.43,17.38,17.95,15.75,15.34,15.88,12.87,14.9,18.2,15.7,13.69,16.73,18.83,16.84,15.7,13.85,12.08,12.44,13.71,13.51,14.16,13.97,13.21,14.35,17.13,19.94,22.59,24.78,22.03,20.04,22.91,26.09,29.56,30.71,27.63,25.07,27.5,27.5,26.1,27.95,28.21,28.09,31.35,34.98,37.15,38.84,39.37,38.87,40.88,44.08,50.89,56.26,50.07,50.53,62.91,71.15,75.29,79.06,77.52,83.17,102.93,110.88,106.02,91.56,94.86,104.72,108.67,108.89,115.95,119.13,127.32,147.93,158.36,166,179.56,197.87,224.99,241.53,252.24,273.47,292.76,314.39,342.86,385.91
"100",14.52,10.95,8.92,9.35,11.27,12.73,12.4,10.43,10.34,11.37,11.14,10.41,11.72,11.03,7.49,9.18,12.63,10.62,7.81,10.46,11.74,9.94,8.67,7.84,7.49,7.51,7.63,6.89,6.52,6.81,7.39,9.02,11.32,13.66,14.98,14.22,12.58,12.6,14.28,15.82,17.57,19.43,17.72,16.86,17.94,14.43,13.16,16.41,16,15.36,18.68,21.78,24.07,25.09,25.34,24.68,23.71,24.64,31.81,34.63,28.14,29.61,37.5,42.68,47.15,51.9,51.49,55.92,66.96,67.82,65.14,63.86,63.65,63.16,68.65,77.19,77.33,78.89,89.28,101.24,104.07,107.16,119.06,131.41,143.66,153.74,160.29,171.84,187.48,204.31,223.09
"101",11.41,10.1,7.56,6.47,6.71,7.21,8.4,8.02,6.94,7.68,7.95,7.72,7.22,7.6,7.56,5.56,6.5,9,7.2,5.65,6.15,5.88,4.86,4.05,3.99,3.88,4.06,3.72,3.26,2.93,3.08,4.43,6.08,7.71,8.04,7.38,6.57,6.82,8,8.19,8.83,11.47,14.21,12.39,10.9,10.25,7.43,7.8,9,8.96,10.45,12.83,14.32,15.09,16.1,17.65,14.99,11.8,14.86,21.45,22.14,17.88,18.68,23.72,28.63,31.32,34.1,31.78,31.85,41.18,41.57,41.27,43.36,38.7,36.98,41.82,45.89,49.94,54.61,54.26,58.59,63.35,67.59,75.62,82.94,89.93,92.94,95.04,104.32,118.6,130.54
"102",6.01,8.14,6.71,5.75,5.73,5.98,6.21,6.19,6,5.72,5.68,5.69,5.45,4.99,5.84,6.3,4.31,5.56,6.99,4.57,3.16,3.17,2.61,1.95,1.73,1.87,1.89,1.77,1.59,1.17,0.83,1.51,2.87,4.11,4.49,3.5,2.83,3.27,4.25,4.45,4.02,5.26,8.51,9.56,7.14,5.32,4.67,4.11,4.01,4.74,5.85,7.41,8.84,9.7,9.52,10.67,11.51,8.05,6.34,9.79,13.84,13.7,10.27,10.31,14.19,17.67,20.15,20.54,17.12,19.43,24.13,24.86,28.19,28.85,24.96,21.83,24.73,27.12,30.71,31.64,29.85,34.32,38.81,41.98,46.47,50.32,52.24,52.85,55.27,63.56,73.28
"103",2.47,3.88,4.99,4.96,5.5,5.24,4.46,4.46,4.95,4.49,3.97,3.46,3.43,3.72,3.47,4.88,5.31,3.77,3.39,2.75,2.03,1.71,1.11,0.81,0.57,0.51,0.74,0.58,0.56,0.42,0.06,0.05,0.75,1.83,2.31,1.85,0.87,1,1.88,2.23,2.03,1.98,3.63,5.56,4.62,2.99,2.6,2.16,2.19,2.58,2.91,3.61,5,6.01,6.48,5.29,5.16,6.94,5.55,4.34,6.06,7.77,6.86,5.12,6.27,9.32,10.43,11.94,12.7,10.15,11.33,12.49,14.47,16.95,16.63,15.31,13.9,14.28,16.43,17.68,16.47,16.81,20.56,23.53,25.11,27.34,27.94,28.24,29.42,32.37,37.72
"104",2.29,1.7,3.15,3.99,4.17,3.98,2.97,3.2,3.22,3.2,2.99,2.24,1.97,1.95,2.46,2.46,3.34,3.77,2.04,0.99,0.75,0.93,0.43,0.06,0.06,0,0.04,0.06,0,0.06,0,0,0,0.51,0.98,0.82,0.37,0,0.44,0.77,0.86,0.9,1.15,2.11,2.94,2.62,1.47,0.36,0.68,1.45,1.11,1.43,2.52,3.16,3.15,2.94,1.94,2.82,4.87,3.44,2.84,4.02,4.67,4.61,3.97,4.44,5.15,6.32,8.93,8.92,6.45,5.96,6.57,7.53,8.99,8.79,6.18,6.46,8.69,8.23,8.62,8.82,9.71,12.03,13.55,14.33,14.52,14.2,14.83,16.56,18.35
"105",1.96,1.55,1.19,2.43,2.74,2.47,2.24,1.97,1.97,1.97,1.97,1.49,0.97,1,1.2,0.98,0.96,2.16,2.26,0.78,0,0.19,0.15,0,0,0,0,0,0,0,0,0,0,0,0.19,0.16,0.05,0,0,0.05,0.05,0.34,0.75,0.75,1.03,1.44,1.17,0.42,0,0.34,0.75,0.74,0.7,1.02,1.11,1.43,1.48,0.41,1.33,2.55,1.52,1.73,2.54,3.14,2.88,1.78,2.58,3.3,4.49,6.02,5.19,3.69,3.69,4.23,4.83,4.75,3.2,2.31,3.73,3.69,3.57,4.27,4.83,5.49,6.66,7.38,7.25,6.92,6.84,7.79,8.96
"106",1.23,1.73,1.31,0.96,1.7,2,2,1.51,1.23,1.24,0.97,0.74,0.5,0.47,0.5,0.5,0.5,0.73,1.2,0.76,0,0,0,0,0,0,0,0,0,0,0,0,0,0,0,0,0,0,0,0,0,0,0.34,0.75,0.41,0.34,0.69,0.36,0,0,0.34,0.75,0.41,0,0.33,0.75,0.76,0.36,0,0.67,1.11,0.74,1.07,1.44,1.44,1.17,1.42,2.18,1.84,2.08,2.94,2.6,2.18,2.19,2.19,2.34,2.18,1.32,1.55,1.87,1.23,1.42,2.12,2.55,2.84,3.35,3.4,3.2,3.02,3.15,3.78
"107",1,1.23,1.73,1.31,0.73,1.46,2,1.77,1.27,1,0.77,0.5,0.5,0.27,0.23,0.24,0.23,0.5,0.5,0.24,0,0,0,0,0,0,0,0,0,0,0,0,0,0,0,0,0,0,0,0,0,0,0,0.34,0.36,0,0,0,0,0,0,0.34,0.36,0,0,0.33,0.75,0.42,0,0,0.34,0.36,0.33,0.75,0.75,0.69,0.75,1.08,0.72,0.33,1.41,1.47,1.07,1.11,0.69,0.36,0.33,0.5,0.54,0.63,0.36,0.19,0.46,0.91,1.13,1.28,1.3,1.2,1.21,1.16,1.12
"108",0.73,0.74,0.96,1.73,1.31,0.73,1.46,1.49,0.97,0.74,0.73,0.51,0.23,0.5,0.27,0,0,0.23,0.5,0.27,0,0,0,0,0,0,0,0,0,0,0,0,0,0,0,0,0,0,0,0,0,0,0,0,0,0,0,0,0,0,0,0,0,0,0,0,0.33,0.75,0.42,0,0,0,0,0.33,0.75,0.42,0.33,0.36,0,0,0.33,0.36,0.33,0.36,0,0,0,0,0.14,0.15,0,0,0,0.05,0.2,0.31,0.31,0.19,0.2,0.3,0.16
"109",0.5,0.5,0.24,0.69,1.47,0.78,0.46,1,0.77,0.5,0.5,0.24,0,0.23,0.5,0.27,0,0,0.23,0.5,0.27,0,0,0,0,0,0,0,0,0,0,0,0,0,0,0,0,0,0,0,0,0,0,0,0,0,0,0,0,0,0,0,0,0,0,0,0,0.33,0.36,0,0,0,0,0,0.33,0.75,0.42,0,0,0,0,0,0,0,0,0,0,0,0,0,0,0,0,0,0,0,0,0,0,0,0
"110+",1.23,1.24,1,0.51,0.46,0.49,0,0.46,0.49,0.23,0.24,0,0,0,0.23,0.24,0,0,0,0.23,0.24,0,0,0,0,0,0,0,0,0,0,0,0,0,0,0,0,0,0,0,0,0,0,0,0,0,0,0,0,0,0,0,0,0,0,0,0,0,0,0,0,0,0,0,0,0.33,0.36,0,0,0,0,0,0,0,0,0,0,0,0,0,0,0,0,0,0,0,0,0,0,0,0
